Property Type,Price,Area_sqm,Corner Unit,Renovated
HDB Executive,560000,142,1,1
HDB 4 Rooms,480000,92,1,0
HDB 5 Rooms,568000,113,1,1
HDB 4 Rooms,308888,84,0,1
HDB 5 Rooms,750000,120,0,1
HDB 4 Rooms,570000,107,0,1
HDB 3 Rooms,320000,68,0,1
HDB 4 Rooms,670000,83,1,1
HDB 5 Rooms,899000,110,1,0
HDB Executive,758000,146,1,0
HDB Executive,799988,147,1,1
HDB Executive,530000,142,1,0
HDB 4 Rooms,398000,84,0,1
HDB 4 Rooms,410000,100,0,0
HDB 4 Rooms,440000,99,1,1
HDB 5 Rooms,528000,122,1,0
HDB 5 Rooms,548000,111,1,1
HDB 5 Rooms,675000,110,1,1
HDB 5 Rooms,590000,127,1,1
HDB Executive,700000,146,1,0
HDB 4 Rooms,540000,93,0,0
HDB Executive,768000,146,0,0
HDB 3 Rooms,599000,60,0,1
HDB 4 Rooms,355000,103,0,1
HDB Executive,718000,148,1,0
HDB 5 Rooms,390000,118,1,0
HDB 5 Rooms,415000,121,1,1
HDB 4 Rooms,398000,93,1,0
HDB 3 Rooms,298000,65,0,1
HDB Executive,930000,155,0,0
HDB 3 Rooms,275000,73,0,0
HDB 5 Rooms,668000,116,1,1
HDB 5 Rooms,508000,126,1,1
HDB 4 Rooms,530000,93,1,1
HDB 3 Rooms,328000,67,0,1
HDB 4 Rooms,433000,104,1,0
HDB 4 Rooms,410000,92,1,1
HDB 5 Rooms,590000,127,1,1
HDB 4 Rooms,425000,93,0,0
HDB 4 Rooms,535000,93,1,1
HDB Executive,595000,130,1,1
HDB 5 Rooms,530000,124,1,1
HDB 4 Rooms,550000,77,1,1
HDB Executive,930000,155,0,0
HDB 3 Rooms,210000,65,0,0
HDB 5 Rooms,415000,110,1,0
HDB 3 Rooms,500000,82,0,0
HDB 4 Rooms,550000,92,0,1
HDB 4 Rooms,450000,91,0,1
HDB Executive,729888,150,1,1
HDB 4 Rooms,425000,92,1,0
HDB Executive,600000,149,0,0
HDB 5 Rooms,710000,133,0,1
HDB 4 Rooms,499000,93,1,1
HDB 4 Rooms,405000,93,0,1
HDB 5 Rooms,499999,128,1,0
HDB 4 Rooms,410000,92,1,0
HDB 5 Rooms,495000,110,1,1
HDB Executive,800000,146,0,0
HDB 3 Rooms,390000,67,0,0
HDB Executive,560000,149,1,1
HDB 4 Rooms,440000,92,1,0
HDB 4 Rooms,338000,93,0,0
HDB 3 Rooms,300000,82,1,0
HDB 5 Rooms,698000,125,0,0
HDB 4 Rooms,388000,107,0,0
HDB 5 Rooms,548000,111,1,1
HDB Executive,768000,146,0,0
HDB 3 Rooms,825000,100,0,1
HDB Executive,800000,146,0,0
HDB 3 Rooms,280000,64,0,0
HDB Executive,600000,149,0,0
HDB 5 Rooms,585000,133,1,1
HDB 4 Rooms,410000,90,0,0
HDB 5 Rooms,880000,115,0,0
HDB Executive,640000,125,1,1
HDB 4 Rooms,400000,104,0,1
HDB 4 Rooms,279000,84,0,0
HDB Executive,729888,150,1,1
HDB 5 Rooms,415000,126,1,1
HDB 5 Rooms,788000,112,1,1
HDB 5 Rooms,560000,112,1,0
HDB 4 Rooms,420000,102,0,1
HDB 5 Rooms,720000,120,1,0
HDB 3 Rooms,210000,65,0,0
HDB 5 Rooms,418000,122,1,1
HDB 5 Rooms,575000,110,1,1
HDB 4 Rooms,530000,93,1,1
HDB 4 Rooms,720000,92,0,1
HDB 4 Rooms,478000,107,0,0
HDB 4 Rooms,498000,93,1,1
HDB 4 Rooms,499000,90,1,1
HDB Executive,600000,146,1,1
HDB 3 Rooms,390000,67,0,0
HDB 5 Rooms,390000,118,1,0
HDB 4 Rooms,388000,84,0,1
HDB 4 Rooms,410000,92,1,1
HDB 4 Rooms,655000,91,1,1
HDB 3 Rooms,350000,68,1,1
HDB 5 Rooms,428888,111,1,0
HDB Executive,660000,147,0,1
HDB 5 Rooms,428888,111,1,0
HDB 5 Rooms,700000,120,1,0
HDB 4 Rooms,400000,98,0,1
HDB 4 Rooms,570000,104,0,1
HDB 5 Rooms,560000,132,1,1
HDB 3 Rooms,258000,67,0,1
HDB 4 Rooms,580000,96,1,1
HDB 3 Rooms,355000,73,0,0
HDB 4 Rooms,840000,80,1,1
HDB 5 Rooms,699000,117,1,0
HDB 4 Rooms,400000,104,0,1
HDB 4 Rooms,550000,92,0,1
HDB 4 Rooms,350000,104,0,0
HDB 3 Rooms,320000,74,0,1
HDB 1 Room,210000,31,0,1
HDB 4 Rooms,595000,104,0,1
HDB 5 Rooms,530000,121,0,0
HDB 3 Rooms,310000,67,0,1
HDB 4 Rooms,480000,104,1,1
HDB 5 Rooms,795000,128,1,0
HDB 5 Rooms,480000,110,1,1
HDB 4 Rooms,350000,90,1,1
HDB 3 Rooms,300000,67,0,1
HDB 5 Rooms,788000,112,1,1
HDB 5 Rooms,585000,133,1,1
HDB 5 Rooms,480000,121,1,0
HDB 4 Rooms,688000,83,1,1
HDB 4 Rooms,440000,99,1,1
HDB 3 Rooms,398000,67,1,0
HDB Executive,750000,147,1,1
HDB 4 Rooms,390000,107,0,0
HDB 4 Rooms,380000,100,0,1
HDB 4 Rooms,359000,82,1,0
HDB 4 Rooms,720000,92,0,1
HDB Executive,735000,144,0,0
HDB 5 Rooms,468000,115,1,0
HDB 4 Rooms,355000,103,0,1
HDB 5 Rooms,520000,112,0,1
HDB Executive,780000,150,0,1
HDB 4 Rooms,480000,104,1,1
HDB 4 Rooms,425000,93,0,0
HDB 5 Rooms,578000,120,1,1
HDB 3 Rooms,368000,67,0,0
HDB 5 Rooms,515000,121,1,1
HDB Executive,750000,147,1,1
HDB 4 Rooms,620000,92,0,0
HDB 3 Rooms,355000,73,0,0
HDB 3 Rooms,370000,65,0,0
HDB Executive,680000,146,0,0
HDB 4 Rooms,410000,90,0,0
HDB 5 Rooms,738888,108,1,1
HDB 3 Rooms,530000,62,1,1
HDB 4 Rooms,660000,103,0,1
HDB 4 Rooms,355000,103,0,1
HDB Executive,560000,149,1,1
HDB Executive,560000,132,1,1
HDB 5 Rooms,415000,121,1,1
HDB 4 Rooms,338000,93,0,0
HDB 5 Rooms,900000,120,1,1
HDB 3 Rooms,235000,67,0,0
HDB 3 Rooms,599000,60,0,1
HDB Executive,729888,150,1,1
HDB 4 Rooms,355000,103,0,1
HDB 5 Rooms,795000,128,1,0
HDB 4 Rooms,750000,90,1,0
HDB 3 Rooms,365000,82,1,1
HDB 4 Rooms,478000,93,1,1
HDB 5 Rooms,710000,114,1,1
HDB 2 Rooms,255000,47,0,1
HDB 4 Rooms,655000,91,1,1
HDB 3 Rooms,490000,82,0,1
HDB Executive,980000,146,1,1
HDB 5 Rooms,788000,112,1,1
HDB 4 Rooms,540000,87,1,1
HDB 4 Rooms,470000,91,0,1
HDB 5 Rooms,530000,132,1,1
HDB 3 Rooms,355000,73,0,0
HDB 5 Rooms,850000,120,1,1
HDB 3 Rooms,370000,65,0,0
HDB 4 Rooms,558000,93,1,1
HDB 5 Rooms,468000,122,1,1
HDB 4 Rooms,279000,84,0,0
HDB 4 Rooms,368000,84,0,0
HDB 5 Rooms,460000,110,1,0
HDB 3 Rooms,490000,82,0,1
HDB 5 Rooms,509000,110,1,1
HDB 4 Rooms,380000,92,0,0
HDB 5 Rooms,700000,120,1,0
HDB 5 Rooms,480000,121,1,0
HDB 4 Rooms,420000,91,0,0
HDB 4 Rooms,670000,83,1,1
HDB 5 Rooms,499999,128,1,0
HDB 5 Rooms,415000,110,1,0
HDB 4 Rooms,438000,104,1,0
HDB 4 Rooms,360000,104,0,1
HDB 4 Rooms,450000,106,0,1
HDB 5 Rooms,438000,111,0,0
HDB 4 Rooms,550000,92,0,1
HDB 5 Rooms,710000,114,1,1
HDB 3 Rooms,335000,75,0,1
HDB 5 Rooms,480000,135,1,1
HDB 4 Rooms,400000,104,0,1
HDB 5 Rooms,750000,120,0,1
HDB 4 Rooms,540000,93,0,1
HDB Executive,780000,150,0,1
HDB 3 Rooms,490000,82,0,1
HDB 3 Rooms,320000,68,0,1
HDB 4 Rooms,550000,101,1,1
HDB 5 Rooms,585000,133,1,1
HDB 3 Rooms,258000,67,0,1
HDB 5 Rooms,698000,125,0,0
HDB 5 Rooms,400000,120,1,1
HDB 4 Rooms,380000,91,1,0
HDB Executive,598000,132,1,1
HDB 5 Rooms,880000,110,1,1
HDB 5 Rooms,430000,116,1,0
HDB 4 Rooms,660000,103,0,1
HDB Executive,480000,130,0,0
HDB 5 Rooms,520000,122,0,1
HDB 4 Rooms,440000,92,1,0
HDB 4 Rooms,380000,92,0,0
HDB 4 Rooms,400000,98,0,1
HDB 4 Rooms,550000,101,1,1
HDB 4 Rooms,620000,92,0,0
HDB Executive,598000,132,1,1
HDB 5 Rooms,550000,114,1,0
HDB 4 Rooms,490000,92,1,0
HDB 4 Rooms,535000,93,1,1
HDB 5 Rooms,1038000,104,0,1
HDB 4 Rooms,460000,90,1,1
HDB 5 Rooms,738888,108,1,1
HDB 4 Rooms,579000,91,0,1
HDB 5 Rooms,390000,118,1,0
HDB 4 Rooms,490000,92,1,1
HDB 4 Rooms,350000,92,0,0
HDB 4 Rooms,548000,110,1,0
HDB 3 Rooms,430000,67,1,0
HDB 4 Rooms,450000,92,0,1
HDB 3 Rooms,328000,65,0,1
HDB 4 Rooms,438000,103,0,0
HDB 5 Rooms,880000,119,1,1
HDB Executive,660000,141,1,0
HDB 4 Rooms,560000,85,1,1
HDB 4 Rooms,400000,101,1,1
HDB 4 Rooms,488000,104,0,0
HDB 5 Rooms,790000,110,1,1
HDB 4 Rooms,458000,84,0,0
HDB 4 Rooms,468000,83,0,1
HDB 5 Rooms,850000,108,1,1
HDB 5 Rooms,690000,120,1,1
HDB 3 Rooms,293000,68,0,1
HDB 3 Rooms,348000,74,0,0
HDB 5 Rooms,880000,109,0,1
HDB 5 Rooms,455000,122,1,1
HDB 3 Rooms,255000,60,0,0
HDB Executive,555555,141,1,1
HDB 5 Rooms,459000,125,1,0
HDB 5 Rooms,530000,112,1,1
HDB 4 Rooms,580000,93,0,0
HDB 4 Rooms,480000,112,0,0
HDB 3 Rooms,350000,68,1,1
HDB 4 Rooms,440000,103,0,1
HDB 4 Rooms,400000,98,0,1
HDB 4 Rooms,488000,104,0,1
HDB 4 Rooms,350000,103,0,0
HDB 5 Rooms,750000,113,1,1
HDB 3 Rooms,280000,67,0,1
HDB 5 Rooms,545000,117,0,0
HDB 4 Rooms,360000,92,1,0
HDB 3 Rooms,258000,67,0,1
HDB 4 Rooms,350000,106,1,0
HDB 5 Rooms,520000,123,0,1
HDB 5 Rooms,820000,112,0,1
HDB 4 Rooms,688888,92,0,1
HDB 5 Rooms,520000,123,0,1
HDB 5 Rooms,440000,122,1,1
HDB 5 Rooms,450000,122,1,1
HDB 5 Rooms,818000,144,0,1
HDB 5 Rooms,390000,123,0,1
HDB 5 Rooms,508000,126,1,1
HDB 5 Rooms,790000,110,1,0
HDB 4 Rooms,780000,82,1,1
HDB 5 Rooms,699000,109,1,1
HDB 5 Rooms,448000,111,1,0
HDB 4 Rooms,430000,92,1,1
HDB Executive,598000,132,1,1
HDB 4 Rooms,510000,93,1,0
HDB 5 Rooms,980000,110,0,0
HDB 4 Rooms,790000,81,1,0
HDB 3 Rooms,265000,58,0,0
HDB 3 Rooms,280000,67,0,0
HDB Jumbo,600000,163,1,0
HDB 5 Rooms,980000,115,0,0
HDB 4 Rooms,425000,92,1,0
HDB 4 Rooms,478000,93,1,1
HDB 5 Rooms,510000,114,1,1
HDB 2 Rooms,250000,44,0,0
HDB 3 Rooms,353000,84,1,1
HDB 4 Rooms,360000,92,1,0
HDB 3 Rooms,440000,72,1,1
HDB Executive,669000,146,0,0
HDB 3 Rooms,350000,60,0,1
HDB 5 Rooms,465000,124,0,0
HDB 4 Rooms,499999,87,1,1
HDB 5 Rooms,599888,112,0,1
HDB 5 Rooms,455000,122,1,1
HDB Executive,780000,150,0,1
HDB 5 Rooms,418000,136,1,1
HDB 3 Rooms,288000,60,0,0
HDB 3 Rooms,318888,93,1,1
HDB 3 Rooms,295000,62,0,0
HDB 5 Rooms,799000,133,1,0
HDB 5 Rooms,599888,112,0,1
HDB 4 Rooms,478000,95,1,0
HDB 5 Rooms,538000,120,1,1
HDB 3 Rooms,298000,65,0,0
HDB 5 Rooms,900000,105,1,0
HDB 5 Rooms,868000,119,0,1
HDB Executive,608888,174,1,1
HDB 3 Rooms,390000,60,1,1
HDB 5 Rooms,405000,110,1,1
HDB 5 Rooms,509000,110,1,1
HDB Executive,995000,137,0,1
HDB 4 Rooms,390000,92,0,1
HDB 3 Rooms,299000,68,0,0
HDB Executive,528000,147,1,1
HDB 4 Rooms,418686,81,0,1
HDB 5 Rooms,360000,110,1,0
HDB 4 Rooms,450000,113,0,0
HDB 3 Rooms,280000,67,0,1
HDB 5 Rooms,870000,122,1,0
HDB 5 Rooms,505000,124,1,1
HDB 3 Rooms,255000,60,0,0
HDB 3 Rooms,438000,81,1,0
HDB Executive,750000,146,0,1
HDB 4 Rooms,420000,92,1,0
HDB 4 Rooms,530000,93,0,0
HDB 5 Rooms,610000,112,0,0
HDB 3 Rooms,268000,68,0,0
HDB 4 Rooms,550000,93,1,1
HDB 3 Rooms,280000,64,0,0
HDB 4 Rooms,348000,90,1,0
HDB Executive,535000,147,0,0
HDB 4 Rooms,450000,91,0,1
HDB 5 Rooms,485000,133,1,0
HDB 3 Rooms,333000,73,1,1
HDB 4 Rooms,390000,104,0,0
HDB 4 Rooms,528000,93,0,1
HDB 4 Rooms,380000,100,0,1
HDB Executive,560000,132,1,1
HDB 4 Rooms,300000,84,0,0
HDB 4 Rooms,380000,104,1,0
HDB 3 Rooms,420000,67,1,1
HDB 3 Rooms,688000,125,1,1
HDB Executive,750000,146,0,0
HDB 3 Rooms,299000,74,0,0
HDB 4 Rooms,760000,90,1,1
HDB 3 Rooms,260000,64,0,1
HDB 5 Rooms,1135000,105,1,1
HDB Executive,680000,146,0,0
HDB 5 Rooms,499000,122,1,0
HDB 5 Rooms,470000,133,1,0
HDB 5 Rooms,408000,129,1,0
HDB 3 Rooms,930000,155,0,0
HDB Jumbo,665000,174,0,1
HDB 5 Rooms,560000,122,1,1
HDB Executive,680000,170,0,1
HDB 3 Rooms,300000,65,0,1
HDB 4 Rooms,580000,99,1,0
HDB 5 Rooms,750000,113,1,1
HDB 4 Rooms,710000,87,1,0
HDB 4 Rooms,450000,93,0,0
HDB 3 Rooms,320000,67,0,0
HDB 3 Rooms,315000,67,0,0
HDB 4 Rooms,588000,93,1,0
HDB Executive,780000,148,0,1
HDB 5 Rooms,528000,133,1,1
HDB 5 Rooms,700000,120,0,0
HDB 4 Rooms,500000,91,1,1
HDB 5 Rooms,578000,113,1,1
HDB 3 Rooms,360000,67,0,0
HDB 5 Rooms,450000,122,1,1
HDB 5 Rooms,638000,112,1,1
HDB 5 Rooms,500000,111,0,0
HDB 4 Rooms,750000,87,1,1
HDB 4 Rooms,336800,102,1,0
HDB 4 Rooms,520000,93,0,1
HDB 4 Rooms,550000,102,0,0
HDB 4 Rooms,550000,108,1,0
HDB 4 Rooms,600888,93,1,1
HDB 3 Rooms,268000,68,0,0
HDB Jumbo,600000,163,1,0
HDB 4 Rooms,515000,83,0,1
HDB 3 Rooms,275000,68,0,0
HDB 4 Rooms,279000,84,0,0
HDB Executive,642888,152,0,1
HDB Executive,569000,128,1,0
HDB 4 Rooms,838000,88,1,1
HDB 5 Rooms,480000,135,1,1
HDB Executive,700000,150,1,0
HDB 3 Rooms,280000,61,0,1
HDB 4 Rooms,318000,106,1,1
HDB 5 Rooms,520000,117,1,1
HDB 3 Rooms,365000,82,1,1
HDB 4 Rooms,435000,92,0,1
HDB 4 Rooms,850000,81,1,0
HDB 3 Rooms,380000,59,0,1
HDB 5 Rooms,728000,121,1,0
HDB 5 Rooms,875000,120,0,1
HDB 4 Rooms,535000,93,1,1
HDB 5 Rooms,490000,127,1,1
HDB 4 Rooms,388888,93,1,1
HDB Executive,565000,137,1,1
HDB 3 Rooms,390000,65,0,1
HDB Executive,719000,144,0,1
HDB 4 Rooms,530000,93,1,1
HDB 4 Rooms,530000,93,0,0
HDB 5 Rooms,650000,122,1,0
HDB 5 Rooms,968000,110,0,0
HDB 5 Rooms,415000,120,1,0
HDB Executive,650000,141,0,0
HDB 5 Rooms,518000,111,1,1
HDB 3 Rooms,288000,65,0,0
HDB 4 Rooms,530000,118,1,0
HDB Jumbo,780000,132,0,1
HDB 5 Rooms,540000,122,1,0
HDB 5 Rooms,459000,110,1,1
HDB Executive,640000,148,1,1
HDB 5 Rooms,550000,112,0,0
HDB 4 Rooms,680000,91,0,0
HDB 4 Rooms,485000,93,0,1
HDB 3 Rooms,295000,67,0,1
HDB Executive,760000,142,1,1
HDB 3 Rooms,348000,74,0,0
HDB 5 Rooms,459000,125,1,0
HDB 4 Rooms,360000,91,1,0
HDB Executive,660000,149,0,1
HDB 3 Rooms,388000,67,0,0
HDB 4 Rooms,525000,93,1,1
HDB 5 Rooms,488000,127,1,0
HDB 5 Rooms,568000,117,1,1
HDB 4 Rooms,420000,103,0,1
HDB Executive,828000,146,0,0
HDB 3 Rooms,345000,67,0,1
HDB 5 Rooms,819000,142,0,1
HDB 4 Rooms,388000,99,1,1
HDB 4 Rooms,655000,91,1,1
HDB 3 Rooms,350000,60,0,1
HDB 4 Rooms,459000,92,0,1
HDB 5 Rooms,458000,110,1,0
HDB 3 Rooms,580000,60,0,0
HDB 4 Rooms,499999,87,1,1
HDB Executive,750000,144,1,1
HDB 5 Rooms,530000,112,1,1
HDB Executive,810000,146,0,0
HDB 4 Rooms,420000,95,1,1
HDB 4 Rooms,548000,110,1,0
HDB 5 Rooms,839000,123,1,0
HDB Executive,590000,143,1,0
HDB 3 Rooms,388000,66,0,0
HDB 3 Rooms,293000,68,0,1
HDB 3 Rooms,335000,68,0,0
HDB 5 Rooms,680000,110,1,0
HDB 4 Rooms,435000,104,0,0
HDB 5 Rooms,738888,108,1,1
HDB 4 Rooms,560000,93,1,1
HDB 5 Rooms,900000,136,1,0
HDB 3 Rooms,288000,65,0,0
HDB 4 Rooms,428888,93,1,1
HDB 4 Rooms,355000,103,0,1
HDB 4 Rooms,370000,91,0,1
HDB 3 Rooms,248000,74,0,0
HDB Executive,548000,130,0,1
HDB 5 Rooms,790000,110,1,1
HDB 3 Rooms,340000,74,0,1
HDB 3 Rooms,438000,64,0,1
HDB 5 Rooms,749800,112,1,0
HDB 5 Rooms,880000,119,1,0
HDB Executive,640000,148,1,1
HDB 4 Rooms,485000,93,0,1
HDB 5 Rooms,480000,124,1,1
HDB 4 Rooms,450000,104,0,0
HDB 4 Rooms,420000,103,0,1
HDB Executive,680000,146,0,0
HDB 5 Rooms,450000,110,1,0
HDB 4 Rooms,525000,93,1,1
HDB 4 Rooms,400000,98,0,1
HDB 3 Rooms,280000,65,0,1
HDB 4 Rooms,488000,104,0,1
HDB 4 Rooms,445000,101,1,1
HDB 5 Rooms,758000,105,1,1
HDB 4 Rooms,570000,89,1,1
HDB 5 Rooms,550000,113,1,1
HDB 5 Rooms,730000,117,1,1
HDB 4 Rooms,378000,104,0,0
HDB 5 Rooms,499000,127,1,0
HDB 3 Rooms,440000,67,0,1
HDB 5 Rooms,488000,121,1,1
HDB 2 Rooms,360000,49,0,0
HDB 4 Rooms,489000,92,1,1
HDB 3 Rooms,319000,68,0,1
HDB 5 Rooms,610000,125,1,0
HDB 3 Rooms,440000,72,1,1
HDB 4 Rooms,560000,85,1,1
HDB 3 Rooms,248888,58,1,0
HDB 5 Rooms,455000,122,1,1
HDB 4 Rooms,525000,93,1,1
HDB 3 Rooms,350000,75,0,1
HDB 3 Rooms,338888,74,0,0
HDB 5 Rooms,548000,111,1,1
HDB 5 Rooms,600000,113,1,0
HDB 4 Rooms,800000,91,0,1
HDB 4 Rooms,480000,112,0,0
HDB 4 Rooms,330000,95,0,0
HDB Executive,450000,130,1,1
HDB 3 Rooms,415000,82,1,0
HDB 5 Rooms,520000,123,0,1
HDB 5 Rooms,428000,132,1,1
HDB Jumbo,860000,134,0,1
HDB 5 Rooms,668000,123,1,0
HDB 4 Rooms,420000,95,1,1
HDB 3 Rooms,350000,68,1,1
HDB 4 Rooms,445000,101,1,1
HDB 5 Rooms,500000,121,1,1
HDB 4 Rooms,729000,102,0,1
HDB 4 Rooms,498800,92,1,1
HDB 4 Rooms,450000,93,0,0
HDB 5 Rooms,800000,120,0,0
HDB 4 Rooms,578000,93,1,1
HDB 5 Rooms,480000,111,0,0
HDB 3 Rooms,288888,73,1,1
HDB 4 Rooms,510000,93,1,0
HDB 5 Rooms,777000,117,1,1
HDB 3 Rooms,458000,67,0,0
HDB 5 Rooms,688000,117,1,1
HDB 3 Rooms,320000,59,0,1
HDB 4 Rooms,488000,92,0,1
HDB 5 Rooms,415000,119,0,0
HDB 3 Rooms,360000,67,0,0
HDB 4 Rooms,538000,102,0,0
HDB 5 Rooms,565000,118,0,0
HDB 5 Rooms,400000,122,1,0
HDB Executive,685000,146,0,0
HDB 5 Rooms,400000,110,1,1
HDB 5 Rooms,780000,143,1,0
HDB 5 Rooms,725000,113,1,0
HDB 4 Rooms,420000,95,0,0
HDB 4 Rooms,499999,87,1,1
HDB 5 Rooms,595000,118,1,0
HDB 4 Rooms,453000,92,1,1
HDB 5 Rooms,435688,125,1,1
HDB 5 Rooms,900000,109,1,1
HDB 4 Rooms,450000,105,1,1
HDB 5 Rooms,549999,132,1,1
HDB 4 Rooms,400000,92,1,0
HDB Executive,730000,146,0,1
HDB 4 Rooms,438000,92,0,0
HDB 4 Rooms,320000,85,1,1
HDB 5 Rooms,968000,110,0,0
HDB 4 Rooms,515000,83,0,1
HDB 5 Rooms,468000,132,1,0
HDB 4 Rooms,435000,93,1,1
HDB 5 Rooms,499999,118,1,1
HDB 4 Rooms,350000,91,0,0
HDB 4 Rooms,460000,100,1,0
HDB 3 Rooms,450000,67,1,1
HDB 5 Rooms,408000,120,1,0
HDB 3 Rooms,330000,68,0,0
HDB Executive,730000,144,0,0
HDB 4 Rooms,395000,88,0,0
HDB 5 Rooms,490000,121,0,0
HDB 4 Rooms,478000,103,1,0
HDB 5 Rooms,690000,112,0,1
HDB Executive,725000,144,1,1
HDB Executive,578000,141,1,0
HDB 4 Rooms,450000,95,1,1
HDB 4 Rooms,818888,91,1,1
HDB 5 Rooms,528000,110,0,0
HDB 4 Rooms,499000,92,1,1
HDB 4 Rooms,360000,84,1,1
HDB 4 Rooms,588000,108,1,1
HDB 3 Rooms,385000,76,1,0
HDB 5 Rooms,738000,115,1,0
HDB 5 Rooms,468000,115,1,1
HDB 4 Rooms,495000,104,1,1
HDB 4 Rooms,720000,90,0,0
HDB 3 Rooms,460000,73,1,0
HDB 4 Rooms,630000,91,0,1
HDB 5 Rooms,999999,107,1,1
HDB 4 Rooms,399000,91,0,0
HDB 4 Rooms,550000,93,0,0
HDB 3 Rooms,245000,56,0,0
HDB 5 Rooms,480000,110,1,1
HDB 4 Rooms,299000,91,0,0
HDB 4 Rooms,470000,91,1,0
HDB 5 Rooms,458000,110,1,0
HDB 4 Rooms,550000,92,0,1
HDB 4 Rooms,450000,92,0,0
HDB 4 Rooms,360000,92,1,0
HDB 3 Rooms,380000,68,1,1
HDB 5 Rooms,499000,112,1,1
HDB 4 Rooms,468000,93,0,1
HDB 5 Rooms,560000,113,1,1
HDB 5 Rooms,588000,112,0,1
HDB 3 Rooms,460000,73,1,0
HDB 3 Rooms,330000,66,0,1
HDB 4 Rooms,665000,104,1,1
HDB 5 Rooms,340000,110,1,0
HDB 4 Rooms,870000,87,1,1
HDB 3 Rooms,515000,67,1,1
HDB 4 Rooms,710000,87,1,1
HDB 3 Rooms,399000,67,0,0
HDB 4 Rooms,330000,104,0,1
HDB 3 Rooms,492000,79,1,0
HDB 4 Rooms,308000,107,0,0
HDB 4 Rooms,350000,95,0,1
HDB 4 Rooms,400000,94,0,0
HDB 4 Rooms,499000,93,0,1
HDB 3 Rooms,385000,67,0,1
HDB 4 Rooms,650000,92,1,1
HDB 5 Rooms,688000,118,1,1
HDB 5 Rooms,490000,121,1,1
HDB 5 Rooms,658000,112,0,0
HDB 5 Rooms,428000,121,0,1
HDB 4 Rooms,488000,92,1,1
HDB 4 Rooms,388000,92,0,0
HDB Executive,938000,146,0,0
HDB 3 Rooms,362000,65,0,0
HDB 4 Rooms,440000,103,0,1
HDB 4 Rooms,580000,93,1,0
HDB 3 Rooms,330000,74,0,1
HDB 3 Rooms,300000,67,0,0
HDB 5 Rooms,450000,110,1,0
HDB 5 Rooms,418000,110,1,0
HDB 3 Rooms,275000,66,0,0
HDB 5 Rooms,999999,110,0,1
HDB 4 Rooms,498800,92,1,1
HDB 3 Rooms,260000,67,0,1
HDB 4 Rooms,578000,102,1,1
HDB 3 Rooms,320000,67,0,0
HDB 5 Rooms,495000,123,1,0
HDB 4 Rooms,420000,93,1,1
HDB 4 Rooms,450000,93,0,0
HDB 4 Rooms,300000,102,0,0
HDB 5 Rooms,530000,118,1,0
HDB 4 Rooms,433000,93,1,1
HDB 5 Rooms,395000,129,0,0
HDB 4 Rooms,435000,91,0,0
HDB 5 Rooms,520000,124,1,0
HDB 5 Rooms,420000,121,1,0
HDB 5 Rooms,768888,110,0,0
HDB 4 Rooms,630000,93,1,0
HDB 3 Rooms,318000,67,0,0
HDB 3 Rooms,265000,74,0,0
HDB 5 Rooms,550000,126,1,1
HDB 3 Rooms,430000,74,0,0
HDB 4 Rooms,570000,91,1,1
HDB 4 Rooms,720000,86,1,0
HDB 4 Rooms,380000,104,1,0
HDB 4 Rooms,450000,93,0,0
HDB 4 Rooms,628888,92,1,1
HDB Executive,530000,144,0,0
HDB 4 Rooms,495000,93,0,0
HDB 5 Rooms,330000,115,1,0
HDB 5 Rooms,515000,113,0,1
HDB Executive,900000,151,0,0
HDB 5 Rooms,500000,128,0,1
HDB 3 Rooms,270000,64,0,1
HDB 5 Rooms,460000,122,0,0
HDB 5 Rooms,407888,110,1,1
HDB 5 Rooms,550000,112,0,0
HDB 5 Rooms,440000,134,0,1
HDB 4 Rooms,460000,93,1,1
HDB 5 Rooms,480000,133,1,0
HDB 4 Rooms,300000,84,0,0
HDB 3 Rooms,299000,60,1,0
HDB 4 Rooms,420000,104,0,0
HDB 4 Rooms,470000,94,1,0
HDB 4 Rooms,580000,105,0,0
HDB 5 Rooms,550000,113,1,1
HDB 4 Rooms,405000,91,0,0
HDB 5 Rooms,500000,111,0,0
HDB 4 Rooms,488000,95,1,0
HDB Jumbo,888000,148,0,1
HDB 5 Rooms,750000,143,1,1
HDB 4 Rooms,568000,87,0,0
HDB 5 Rooms,580000,127,1,0
HDB 4 Rooms,468000,92,0,0
HDB 5 Rooms,450000,110,1,0
HDB 4 Rooms,580000,93,1,1
HDB 2 Rooms,199000,43,0,0
HDB Executive,660000,133,1,1
HDB 5 Rooms,565000,132,1,0
HDB Executive,530000,128,0,0
HDB 5 Rooms,790000,122,1,1
HDB Executive,700000,146,0,0
HDB 3 Rooms,230000,56,0,0
HDB Executive,920000,149,0,0
HDB 5 Rooms,698000,127,1,0
HDB 5 Rooms,888000,122,1,1
HDB 4 Rooms,425000,92,0,1
HDB 3 Rooms,338001,70,0,1
HDB 3 Rooms,278000,64,0,1
HDB 4 Rooms,400000,93,1,0
HDB Executive,680000,170,0,1
HDB 5 Rooms,528000,124,1,0
HDB 4 Rooms,370000,102,1,1
HDB 4 Rooms,680000,91,0,0
HDB 4 Rooms,410000,93,1,0
HDB 5 Rooms,598000,120,0,0
HDB 3 Rooms,248000,74,0,0
HDB 4 Rooms,360000,111,0,1
HDB 4 Rooms,592888,104,0,1
HDB 4 Rooms,468000,91,1,1
HDB 5 Rooms,490000,121,0,0
HDB 4 Rooms,460000,104,0,1
HDB 4 Rooms,310000,90,0,1
HDB 3 Rooms,335000,74,1,0
HDB 5 Rooms,560000,120,0,1
HDB 3 Rooms,350000,65,0,1
HDB 3 Rooms,488000,126,1,0
HDB 5 Rooms,837777,110,0,1
HDB 5 Rooms,560000,122,1,1
HDB 4 Rooms,435000,93,1,1
HDB 5 Rooms,838000,135,1,1
HDB 5 Rooms,850000,108,0,1
HDB 5 Rooms,548000,120,1,1
HDB 5 Rooms,528000,110,0,1
HDB 5 Rooms,838000,134,1,0
HDB 4 Rooms,380000,103,0,0
HDB Executive,700000,150,1,0
HDB Executive,648000,163,1,1
HDB 5 Rooms,550000,124,0,0
HDB 4 Rooms,460000,100,1,0
HDB 3 Rooms,400000,70,0,1
HDB 5 Rooms,838000,134,1,0
HDB 5 Rooms,580000,117,0,0
HDB 4 Rooms,485000,100,0,0
HDB 5 Rooms,610000,112,0,0
HDB Executive,545000,147,1,0
HDB Executive,548000,130,0,0
HDB 4 Rooms,388000,108,0,0
HDB 5 Rooms,885000,110,1,0
HDB 4 Rooms,479000,92,1,1
HDB 4 Rooms,980000,91,0,1
HDB 3 Rooms,293000,68,0,1
HDB 5 Rooms,738000,137,1,0
HDB 5 Rooms,528888,113,1,1
HDB 5 Rooms,620000,113,1,1
HDB 4 Rooms,360000,92,1,0
HDB 4 Rooms,499999,92,1,1
HDB 3 Rooms,225000,59,0,0
HDB 4 Rooms,430000,113,0,0
HDB 4 Rooms,430000,92,1,1
HDB 5 Rooms,348000,110,1,1
HDB 5 Rooms,468000,115,1,1
HDB 4 Rooms,368000,84,0,0
HDB 3 Rooms,300000,67,0,0
HDB Executive,955000,187,0,0
HDB 4 Rooms,538000,93,1,0
HDB 5 Rooms,399000,123,0,0
HDB 5 Rooms,725000,120,1,0
HDB 3 Rooms,399000,67,0,0
HDB Executive,560000,125,0,1
HDB 4 Rooms,308000,107,0,0
HDB 5 Rooms,518000,123,1,1
HDB 5 Rooms,430000,110,0,1
HDB 4 Rooms,630000,103,0,1
HDB 4 Rooms,480000,92,0,1
HDB 4 Rooms,720000,106,1,1
HDB 4 Rooms,520000,92,1,1
HDB 4 Rooms,440000,89,0,1
HDB 3 Rooms,275000,60,0,0
HDB 4 Rooms,490000,96,0,0
HDB 5 Rooms,480000,119,1,0
HDB Executive,770000,146,0,0
HDB 3 Rooms,265000,74,0,0
HDB 4 Rooms,508000,92,0,1
HDB 4 Rooms,330000,103,1,0
HDB 5 Rooms,498000,117,0,1
HDB 3 Rooms,330000,60,0,1
HDB 4 Rooms,500000,93,1,1
HDB 5 Rooms,438000,124,1,1
HDB 5 Rooms,469000,121,0,0
HDB 3 Rooms,260000,67,0,1
HDB 4 Rooms,385000,93,0,1
HDB 5 Rooms,420000,112,0,0
HDB 3 Rooms,570000,60,0,1
HDB 4 Rooms,380000,91,1,0
HDB 3 Rooms,320000,82,0,0
HDB Executive,810000,146,0,0
HDB 4 Rooms,390000,92,1,0
HDB 5 Rooms,608000,123,0,0
HDB 5 Rooms,685000,112,1,1
HDB 3 Rooms,380000,65,1,1
HDB 4 Rooms,450000,92,1,1
HDB 4 Rooms,395000,94,0,1
HDB 5 Rooms,600000,121,1,0
HDB 4 Rooms,350000,106,1,0
HDB 5 Rooms,480000,127,1,0
HDB 4 Rooms,433000,93,1,1
HDB 5 Rooms,450000,110,1,0
HDB Executive,740000,149,1,0
HDB 3 Rooms,240000,67,0,0
HDB 4 Rooms,538888,92,1,1
HDB 4 Rooms,608500,86,1,1
HDB Executive,618000,147,1,1
HDB 4 Rooms,950000,127,0,0
HDB 4 Rooms,360000,92,0,0
HDB 4 Rooms,470000,91,1,0
HDB 5 Rooms,645000,112,1,1
HDB 4 Rooms,480000,112,0,0
HDB 5 Rooms,878000,110,1,0
HDB 4 Rooms,390000,92,1,0
HDB 5 Rooms,395000,129,0,0
HDB 5 Rooms,600000,121,1,0
HDB 4 Rooms,720000,95,1,1
HDB 5 Rooms,630000,118,1,0
HDB 5 Rooms,498000,117,0,1
HDB 3 Rooms,280000,60,0,1
HDB 3 Rooms,260000,67,0,1
HDB 4 Rooms,578000,102,1,1
HDB 5 Rooms,495000,123,1,0
HDB Executive,628000,150,0,1
HDB 5 Rooms,730000,117,1,1
HDB 3 Rooms,290000,67,0,0
HDB 5 Rooms,440000,122,1,0
HDB 4 Rooms,385000,93,0,1
HDB 4 Rooms,420000,101,1,1
HDB 2 Rooms,230000,56,0,0
HDB 4 Rooms,720000,96,0,0
HDB 3 Rooms,295000,67,0,1
HDB 4 Rooms,488000,93,1,1
HDB 3 Rooms,450000,67,1,1
HDB 4 Rooms,460000,104,0,0
HDB 5 Rooms,499000,138,0,0
HDB 4 Rooms,450000,97,0,1
HDB 4 Rooms,588000,93,1,1
HDB 5 Rooms,480000,110,1,0
HDB 4 Rooms,438000,103,0,0
HDB 3 Rooms,340000,65,0,0
HDB 3 Rooms,250000,67,0,0
HDB 4 Rooms,326800,92,0,1
HDB 5 Rooms,820000,110,1,0
HDB Executive,550000,144,1,1
HDB 3 Rooms,380000,74,0,0
HDB 4 Rooms,340000,101,1,0
HDB Jumbo,600000,129,0,0
HDB 5 Rooms,840000,110,1,1
HDB Executive,635000,151,0,1
HDB 4 Rooms,768000,87,1,1
HDB 5 Rooms,490000,110,1,1
HDB 4 Rooms,620000,92,0,0
HDB 4 Rooms,400000,81,0,0
HDB 4 Rooms,500000,91,1,1
HDB 4 Rooms,438000,92,0,1
HDB 4 Rooms,560000,97,1,1
HDB 3 Rooms,270000,63,1,1
HDB 4 Rooms,430000,103,0,0
HDB 4 Rooms,375000,109,0,1
HDB Executive,635000,140,0,0
HDB Executive,688000,141,1,0
HDB 5 Rooms,625000,123,1,0
HDB 5 Rooms,485000,127,1,0
HDB 3 Rooms,285000,67,1,0
HDB 4 Rooms,300000,84,0,0
HDB 4 Rooms,530000,96,1,1
HDB 4 Rooms,650000,92,1,1
HDB 5 Rooms,888000,122,1,1
HDB 4 Rooms,660000,103,0,1
HDB 4 Rooms,368000,92,0,0
HDB 4 Rooms,362888,101,0,0
HDB 3 Rooms,260000,69,0,0
HDB 5 Rooms,438000,115,1,1
HDB 5 Rooms,420000,110,1,1
HDB 3 Rooms,300000,65,0,1
HDB 4 Rooms,369999,100,0,0
HDB 4 Rooms,338000,90,0,0
HDB 3 Rooms,370000,68,0,0
HDB 5 Rooms,590000,113,0,0
HDB 4 Rooms,460000,104,0,0
HDB 4 Rooms,420000,91,1,0
HDB 5 Rooms,480000,124,1,1
HDB Executive,900000,150,0,0
HDB 4 Rooms,318000,105,1,0
HDB 5 Rooms,488000,110,0,1
HDB 3 Rooms,310000,67,0,1
HDB 4 Rooms,560000,84,0,0
HDB Executive,650000,143,0,1
HDB 5 Rooms,400000,122,1,0
HDB 5 Rooms,435688,125,1,1
HDB 5 Rooms,488000,110,0,1
HDB 5 Rooms,668888,113,0,1
HDB Executive,618000,133,0,0
HDB 5 Rooms,980000,110,0,1
HDB 4 Rooms,405000,84,1,0
HDB 5 Rooms,390000,110,1,1
HDB 3 Rooms,325000,74,0,0
HDB 5 Rooms,520000,122,1,1
HDB 4 Rooms,488000,103,0,0
HDB 4 Rooms,303888,84,0,1
HDB 4 Rooms,428000,90,0,0
HDB 4 Rooms,520000,105,1,1
HDB 4 Rooms,368000,84,0,0
HDB 4 Rooms,440000,94,1,1
HDB 5 Rooms,640000,120,1,1
HDB 5 Rooms,690000,112,0,1
HDB 4 Rooms,355000,104,1,1
HDB 3 Rooms,280000,60,0,1
HDB 3 Rooms,330000,65,0,1
HDB 5 Rooms,528888,113,1,1
HDB 4 Rooms,550000,93,0,0
HDB 4 Rooms,568000,113,1,1
HDB 2 Rooms,290000,44,0,1
HDB 4 Rooms,410000,92,1,1
HDB 3 Rooms,228000,56,1,1
HDB 5 Rooms,770000,120,1,1
HDB 4 Rooms,448000,104,0,1
HDB 4 Rooms,418000,90,1,1
HDB 3 Rooms,238000,59,0,0
HDB 4 Rooms,535000,84,0,0
HDB 5 Rooms,550000,112,0,0
HDB 5 Rooms,582000,113,1,1
HDB 5 Rooms,490000,123,0,0
HDB 5 Rooms,420000,112,0,0
HDB 4 Rooms,428000,103,0,0
HDB 3 Rooms,330000,68,0,0
HDB 3 Rooms,300000,67,0,0
HDB 4 Rooms,399000,104,0,0
HDB 3 Rooms,350000,68,0,0
HDB 4 Rooms,700000,90,0,0
HDB 5 Rooms,610000,111,1,1
HDB 4 Rooms,360000,90,0,0
HDB 5 Rooms,630000,115,0,0
HDB 4 Rooms,488000,96,0,0
HDB 3 Rooms,390000,68,0,1
HDB 4 Rooms,800000,91,0,1
HDB 4 Rooms,499000,93,0,1
HDB 4 Rooms,420000,92,1,1
HDB 4 Rooms,368000,93,1,0
HDB 4 Rooms,520000,90,0,0
HDB 3 Rooms,258000,76,0,0
HDB 4 Rooms,525000,93,1,1
HDB 4 Rooms,430000,93,0,1
HDB 5 Rooms,488000,127,1,0
HDB 4 Rooms,580000,92,1,0
HDB 5 Rooms,980000,110,0,0
HDB 5 Rooms,765000,121,0,1
HDB 4 Rooms,780000,100,0,0
HDB 3 Rooms,380000,67,0,0
HDB 3 Rooms,330000,74,0,1
HDB 5 Rooms,550000,115,1,1
HDB Executive,695000,148,0,1
HDB 3 Rooms,288000,60,0,0
HDB 4 Rooms,360000,89,0,0
HDB 3 Rooms,460000,65,0,0
HDB 4 Rooms,710000,87,1,1
HDB 5 Rooms,518000,112,1,1
HDB 5 Rooms,499000,112,1,1
HDB 3 Rooms,492000,79,1,0
HDB 5 Rooms,728000,105,1,1
HDB 4 Rooms,368000,83,0,0
HDB 5 Rooms,630000,115,0,0
HDB 3 Rooms,258000,67,0,0
HDB 4 Rooms,460000,92,1,0
HDB Executive,565000,139,1,1
HDB 4 Rooms,425000,104,0,0
HDB Executive,638000,148,0,0
HDB 3 Rooms,513000,62,1,0
HDB 5 Rooms,490000,118,0,0
HDB 4 Rooms,430000,104,0,0
HDB 5 Rooms,598000,118,1,0
HDB 5 Rooms,598000,123,0,1
HDB 5 Rooms,498000,122,0,0
HDB 4 Rooms,398000,106,0,0
HDB 5 Rooms,580000,117,0,0
HDB 5 Rooms,510000,133,1,1
HDB 5 Rooms,490000,110,1,1
HDB 4 Rooms,436888,92,0,0
HDB 3 Rooms,915000,87,1,1
HDB 4 Rooms,395000,84,0,1
HDB 4 Rooms,498000,91,0,1
HDB 4 Rooms,620000,104,0,0
HDB Jumbo,888000,148,0,1
HDB 5 Rooms,550000,113,1,1
HDB 4 Rooms,600000,104,1,1
HDB 5 Rooms,475000,123,1,0
HDB 4 Rooms,398000,103,1,1
HDB 5 Rooms,585000,120,1,1
HDB 4 Rooms,336800,102,1,0
HDB 5 Rooms,1135000,105,1,1
HDB 3 Rooms,280000,67,0,1
HDB 4 Rooms,660000,110,1,1
HDB 4 Rooms,592888,104,0,1
HDB 3 Rooms,288000,68,0,1
HDB 4 Rooms,488000,104,1,1
HDB 5 Rooms,560000,132,0,1
HDB Executive,880000,161,1,0
HDB 3 Rooms,260000,56,0,0
HDB 4 Rooms,438000,106,0,0
HDB 5 Rooms,525000,123,1,1
HDB 4 Rooms,370000,91,0,1
HDB 4 Rooms,568000,93,1,1
HDB 3 Rooms,390000,69,0,0
HDB 3 Rooms,365000,65,0,1
HDB 5 Rooms,900000,136,1,0
HDB 4 Rooms,360000,84,1,0
HDB Executive,750000,146,0,1
HDB 3 Rooms,280000,68,0,1
HDB 5 Rooms,565000,132,1,0
HDB Executive,800000,150,0,1
HDB Executive,868000,146,0,0
HDB 3 Rooms,300000,66,1,1
HDB 4 Rooms,399000,103,1,0
HDB 5 Rooms,500000,112,1,1
HDB 5 Rooms,550000,120,1,0
HDB 5 Rooms,355000,115,1,0
HDB 3 Rooms,260000,60,0,0
HDB 3 Rooms,350000,67,1,0
HDB 5 Rooms,599688,120,1,1
HDB 4 Rooms,448888,92,0,1
HDB 4 Rooms,439000,87,0,1
HDB 4 Rooms,630000,83,1,0
HDB 5 Rooms,488888,136,0,0
HDB 3 Rooms,388000,68,0,1
HDB Executive,800000,146,0,0
HDB 3 Rooms,260000,64,0,1
HDB 5 Rooms,590000,112,1,1
HDB Executive,630000,143,1,0
HDB 3 Rooms,750000,65,1,0
HDB 5 Rooms,598000,119,0,0
HDB 3 Rooms,340000,60,0,0
HDB 4 Rooms,360000,102,0,0
HDB 5 Rooms,465000,122,1,1
HDB 4 Rooms,470000,97,0,1
HDB 5 Rooms,720000,130,0,1
HDB 5 Rooms,499999,118,1,1
HDB 4 Rooms,585000,86,0,1
HDB 5 Rooms,888000,122,1,1
HDB 4 Rooms,500000,92,1,1
HDB 4 Rooms,348000,96,0,1
HDB 5 Rooms,399000,120,0,0
HDB 4 Rooms,430000,92,0,0
HDB Executive,559000,149,0,0
HDB 3 Rooms,298888,73,0,1
HDB 4 Rooms,330000,105,0,0
HDB 5 Rooms,490000,122,1,1
HDB 5 Rooms,480000,115,1,0
HDB 5 Rooms,500000,110,1,1
HDB 4 Rooms,398000,93,1,1
HDB 3 Rooms,278000,64,0,1
HDB 5 Rooms,588000,121,1,0
HDB 4 Rooms,499000,90,1,0
HDB 4 Rooms,610000,94,1,1
HDB 5 Rooms,388000,120,1,0
HDB 4 Rooms,388000,108,0,0
HDB 4 Rooms,465000,104,1,1
HDB 4 Rooms,435000,93,1,1
HDB 3 Rooms,290000,60,1,1
HDB 5 Rooms,555000,126,1,1
HDB 5 Rooms,470000,127,1,1
HDB 5 Rooms,575000,113,0,1
HDB 4 Rooms,458000,84,0,0
HDB Executive,590000,131,1,0
HDB 5 Rooms,450000,115,1,1
HDB 4 Rooms,318000,105,1,0
HDB 5 Rooms,565000,122,1,1
HDB 4 Rooms,410000,109,1,1
HDB 4 Rooms,450000,92,0,0
HDB 4 Rooms,450000,97,1,1
HDB 5 Rooms,1000000,123,1,1
HDB 3 Rooms,280000,68,0,1
HDB 5 Rooms,500000,116,1,0
HDB 5 Rooms,400000,122,1,0
HDB 3 Rooms,318000,67,1,0
HDB 4 Rooms,478000,95,1,1
HDB 5 Rooms,670000,122,0,0
HDB 3 Rooms,385000,76,1,0
HDB 5 Rooms,570000,111,1,0
HDB 5 Rooms,860000,109,1,1
HDB 5 Rooms,819000,142,0,1
HDB 5 Rooms,480000,124,1,1
HDB 5 Rooms,688000,112,1,1
HDB 5 Rooms,900000,110,1,0
HDB 5 Rooms,549999,132,1,1
HDB 4 Rooms,399000,84,0,1
HDB 3 Rooms,348000,74,0,0
HDB 5 Rooms,340000,110,1,0
HDB 5 Rooms,560000,132,0,1
HDB 4 Rooms,630000,91,0,1
HDB 3 Rooms,295000,62,0,0
HDB 4 Rooms,428000,103,0,0
HDB 3 Rooms,328000,75,1,1
HDB 3 Rooms,518888,62,1,1
HDB 5 Rooms,470000,110,1,1
HDB 4 Rooms,525000,93,1,1
HDB 4 Rooms,480000,75,0,1
HDB 4 Rooms,1120000,92,1,1
HDB 5 Rooms,500000,125,0,0
HDB 4 Rooms,799888,82,0,1
HDB 4 Rooms,348000,84,0,1
HDB 5 Rooms,600000,122,0,0
HDB 3 Rooms,350000,75,0,1
HDB Executive,615000,148,0,0
HDB Executive,698000,144,1,0
HDB Executive,928000,146,0,1
HDB 4 Rooms,900000,84,0,1
HDB 3 Rooms,518000,84,0,1
HDB 3 Rooms,330000,74,0,1
HDB 3 Rooms,338888,74,0,0
HDB 5 Rooms,680000,121,1,0
HDB 5 Rooms,498000,122,1,0
HDB 4 Rooms,449999,97,1,1
HDB 3 Rooms,400000,69,0,1
HDB 5 Rooms,450000,120,0,0
HDB 5 Rooms,550000,125,1,0
HDB Executive,529000,139,1,0
HDB 5 Rooms,799000,117,0,0
HDB Executive,630000,149,0,1
HDB 4 Rooms,340000,98,1,0
HDB 4 Rooms,510000,93,1,0
HDB Executive,578888,137,1,0
HDB 3 Rooms,513000,62,1,0
HDB 5 Rooms,899999,114,1,1
HDB 4 Rooms,528000,93,1,0
HDB 4 Rooms,498000,108,1,0
HDB 4 Rooms,680000,101,1,1
HDB 4 Rooms,399999,91,1,0
HDB 3 Rooms,368888,67,0,1
HDB 5 Rooms,598000,123,0,1
HDB 3 Rooms,298000,67,0,0
HDB 4 Rooms,520000,82,0,0
HDB 4 Rooms,560000,92,1,1
HDB 3 Rooms,278000,68,0,0
HDB 4 Rooms,330000,103,1,0
HDB 5 Rooms,628000,112,1,1
HDB 5 Rooms,690000,112,0,1
HDB 4 Rooms,380000,93,1,0
HDB Executive,618000,147,1,1
HDB 3 Rooms,288888,73,1,1
HDB 4 Rooms,680000,101,1,1
HDB 4 Rooms,455000,93,1,1
HDB 4 Rooms,600888,93,1,1
HDB Executive,630000,149,0,1
HDB 4 Rooms,436888,92,0,0
HDB Executive,650000,149,0,1
HDB 4 Rooms,395000,84,0,1
HDB 4 Rooms,479000,92,1,0
HDB 4 Rooms,430000,92,0,0
HDB 5 Rooms,650000,120,0,0
HDB 3 Rooms,340000,68,1,0
HDB 4 Rooms,728888,97,0,0
HDB 3 Rooms,513000,62,1,0
HDB 4 Rooms,610000,94,1,1
HDB 5 Rooms,550000,120,1,0
HDB 3 Rooms,398000,74,0,1
HDB 4 Rooms,374000,100,0,0
HDB 4 Rooms,699888,85,0,0
HDB 5 Rooms,830000,119,0,0
HDB Executive,480000,145,0,0
HDB 5 Rooms,518000,111,1,1
HDB 4 Rooms,560000,93,1,1
HDB 5 Rooms,450000,123,0,0
HDB 4 Rooms,367000,101,0,0
HDB 3 Rooms,340000,67,0,0
HDB 5 Rooms,590000,112,1,1
HDB 4 Rooms,688000,95,1,0
HDB 4 Rooms,680000,87,1,1
HDB 5 Rooms,570000,113,0,0
HDB 4 Rooms,500000,96,1,1
HDB 5 Rooms,560000,121,0,1
HDB 5 Rooms,708000,112,1,1
HDB 3 Rooms,345000,74,0,1
HDB 5 Rooms,468000,112,0,1
HDB 4 Rooms,499999,87,1,1
HDB 4 Rooms,570000,93,0,1
HDB 5 Rooms,450000,115,1,1
HDB 3 Rooms,308000,67,0,1
HDB 5 Rooms,600000,123,1,1
HDB 5 Rooms,1000000,123,1,1
HDB 5 Rooms,400000,122,1,0
HDB 5 Rooms,799000,105,0,1
HDB 3 Rooms,320000,64,0,0
HDB 5 Rooms,630000,118,0,0
HDB 4 Rooms,448000,103,1,0
HDB 3 Rooms,300000,84,0,1
HDB 5 Rooms,459000,110,1,1
HDB 5 Rooms,618000,123,1,1
HDB 5 Rooms,469500,129,0,1
HDB 5 Rooms,490000,132,1,0
HDB Executive,590000,142,1,1
HDB 5 Rooms,545000,117,0,0
HDB 5 Rooms,618888,117,1,1
HDB 5 Rooms,405000,110,1,1
HDB 5 Rooms,748000,112,1,1
HDB 4 Rooms,479000,92,1,1
HDB 4 Rooms,450000,106,0,1
HDB 5 Rooms,918888,112,0,0
HDB 4 Rooms,410000,92,1,1
HDB 4 Rooms,735000,87,0,1
HDB 3 Rooms,440000,72,1,1
HDB 3 Rooms,378000,65,0,1
HDB 3 Rooms,325000,74,0,0
HDB Executive,669000,146,0,0
HDB 3 Rooms,290000,60,1,1
HDB 5 Rooms,400000,118,0,0
HDB 5 Rooms,498000,121,1,0
HDB 4 Rooms,485000,92,1,1
HDB 4 Rooms,535000,84,0,0
HDB 4 Rooms,750000,90,1,0
HDB 3 Rooms,658000,88,0,0
HDB Executive,730000,144,0,0
HDB 4 Rooms,368000,84,0,0
HDB Executive,548000,130,0,0
HDB 5 Rooms,456888,135,1,1
HDB 5 Rooms,499000,110,1,1
HDB 4 Rooms,379000,92,0,1
HDB 4 Rooms,350000,89,0,0
HDB 4 Rooms,592888,104,0,1
HDB 4 Rooms,390000,88,0,0
HDB 4 Rooms,435000,93,1,1
HDB Executive,610000,147,1,0
HDB 5 Rooms,400000,110,1,1
HDB 4 Rooms,660000,103,0,1
HDB 5 Rooms,980000,110,0,1
HDB 4 Rooms,460000,100,0,0
HDB 4 Rooms,680000,91,0,0
HDB 5 Rooms,405000,110,1,1
HDB 5 Rooms,455000,122,1,1
HDB Executive,675000,148,1,0
HDB 5 Rooms,395000,133,0,0
HDB 5 Rooms,462000,112,1,0
HDB 3 Rooms,279000,67,0,1
HDB 5 Rooms,638888,113,1,0
HDB Executive,720000,146,0,0
HDB 5 Rooms,858000,112,1,1
HDB 4 Rooms,320000,85,1,1
HDB 5 Rooms,508000,122,0,0
HDB 4 Rooms,360000,104,0,1
HDB 4 Rooms,343000,103,1,0
HDB 5 Rooms,758000,105,1,0
HDB 4 Rooms,500000,96,1,1
HDB Executive,868000,146,0,1
HDB 5 Rooms,850000,112,0,1
HDB 5 Rooms,570000,113,0,0
HDB Executive,628000,156,1,1
HDB 2 Rooms,275000,47,0,1
HDB 5 Rooms,728000,121,1,1
HDB 4 Rooms,530000,93,0,0
HDB 3 Rooms,280000,73,1,0
HDB 3 Rooms,485000,60,0,1
HDB 4 Rooms,340000,108,0,0
HDB 5 Rooms,460000,122,0,1
HDB 3 Rooms,300000,67,0,0
HDB 4 Rooms,818888,91,1,1
HDB 4 Rooms,448000,99,0,0
HDB 4 Rooms,530000,93,1,1
HDB 3 Rooms,390000,68,0,1
HDB 5 Rooms,550000,112,1,1
HDB 4 Rooms,300000,84,0,1
HDB 4 Rooms,360000,82,0,0
HDB 3 Rooms,330000,60,0,0
HDB 4 Rooms,430000,92,1,1
HDB 3 Rooms,450000,60,0,1
HDB 2 Rooms,228000,40,0,1
HDB 4 Rooms,498000,93,1,1
HDB 4 Rooms,650000,84,1,1
HDB 4 Rooms,520000,92,1,1
HDB 4 Rooms,500000,95,1,1
HDB 4 Rooms,390000,92,0,1
HDB 5 Rooms,715000,121,1,1
HDB 3 Rooms,330000,67,0,0
HDB 4 Rooms,610000,94,1,1
HDB 4 Rooms,428888,93,1,1
HDB 3 Rooms,220000,56,0,0
HDB 3 Rooms,210000,56,0,0
HDB 3 Rooms,338000,67,1,1
HDB 4 Rooms,445000,93,0,1
HDB 5 Rooms,460000,110,1,0
HDB 4 Rooms,290000,84,0,1
HDB 5 Rooms,480000,122,1,0
HDB 5 Rooms,899000,110,0,0
HDB 5 Rooms,880000,105,1,0
HDB 5 Rooms,898000,120,1,1
HDB 5 Rooms,725000,121,1,0
HDB 5 Rooms,729000,135,1,1
HDB 5 Rooms,550000,112,1,1
HDB 4 Rooms,449999,92,1,1
HDB 4 Rooms,700000,90,0,0
HDB 3 Rooms,350000,74,0,0
HDB 5 Rooms,888888,113,1,1
HDB 3 Rooms,300000,65,0,0
HDB 5 Rooms,878000,110,1,0
HDB 4 Rooms,380000,92,0,0
HDB 5 Rooms,588888,118,0,0
HDB 5 Rooms,690000,114,1,1
HDB 5 Rooms,699000,117,0,0
HDB 3 Rooms,215000,56,0,0
HDB 4 Rooms,480000,104,1,0
HDB 3 Rooms,259000,60,0,0
HDB 5 Rooms,1328000,106,1,1
HDB 4 Rooms,488000,93,1,1
HDB 3 Rooms,260000,61,0,0
HDB 4 Rooms,588000,93,1,0
HDB 4 Rooms,360000,104,0,1
HDB 4 Rooms,490000,96,0,0
HDB 4 Rooms,450000,90,0,1
HDB Executive,570000,139,1,0
HDB 5 Rooms,480000,127,1,0
HDB 5 Rooms,468000,110,0,0
HDB 3 Rooms,299000,68,0,0
HDB 5 Rooms,508000,125,1,1
HDB 4 Rooms,799888,91,0,1
HDB Executive,648000,147,0,0
HDB 4 Rooms,900000,95,1,1
HDB 3 Rooms,265000,67,0,0
HDB 3 Rooms,265000,60,0,0
HDB Executive,555000,146,0,0
HDB 3 Rooms,228000,56,0,0
HDB 3 Rooms,513000,62,1,0
HDB 5 Rooms,675000,108,0,0
HDB 3 Rooms,330000,68,1,0
HDB 5 Rooms,408000,110,1,1
HDB 4 Rooms,530000,85,1,0
HDB 4 Rooms,540000,95,1,1
HDB 4 Rooms,470000,92,1,1
HDB 5 Rooms,729000,135,1,1
HDB 4 Rooms,348000,105,1,0
HDB 3 Rooms,220000,56,0,0
HDB 4 Rooms,325000,90,0,1
HDB 3 Rooms,265000,60,0,1
HDB 4 Rooms,535000,105,1,0
HDB 4 Rooms,385000,91,1,1
HDB 4 Rooms,375000,93,1,1
HDB Executive,575000,128,0,0
HDB 5 Rooms,850000,116,1,1
HDB 4 Rooms,510000,93,1,0
HDB 5 Rooms,535000,112,1,0
HDB 4 Rooms,360000,92,0,0
HDB 5 Rooms,899999,114,1,1
HDB 4 Rooms,510000,92,0,1
HDB Executive,550000,144,1,1
HDB 4 Rooms,550000,91,1,0
HDB 4 Rooms,470000,94,1,0
HDB 5 Rooms,770000,111,1,1
HDB 4 Rooms,465000,92,0,0
HDB 5 Rooms,475000,125,0,0
HDB Executive,788000,155,1,0
HDB 4 Rooms,568000,93,1,1
HDB Executive,548000,130,0,0
HDB 3 Rooms,335000,68,0,0
HDB Executive,530000,128,0,0
HDB 4 Rooms,435000,101,1,0
HDB 5 Rooms,600000,118,1,1
HDB 5 Rooms,510000,110,0,0
HDB 4 Rooms,730000,100,0,0
HDB 5 Rooms,515000,118,1,0
HDB 5 Rooms,498000,122,1,1
HDB 4 Rooms,568000,93,1,1
HDB Executive,680000,146,0,0
HDB 4 Rooms,468000,91,1,1
HDB 5 Rooms,729000,135,1,1
HDB 5 Rooms,698888,117,1,1
HDB 5 Rooms,460000,122,0,0
HDB 4 Rooms,330000,106,0,1
HDB 3 Rooms,430000,76,1,0
HDB 4 Rooms,495000,93,0,0
HDB Executive,638000,146,1,1
HDB 3 Rooms,299000,60,0,0
HDB 5 Rooms,480000,122,1,0
HDB 4 Rooms,540000,93,1,1
HDB 4 Rooms,300000,84,0,0
HDB Executive,570000,143,0,1
HDB 5 Rooms,490000,110,0,0
HDB 5 Rooms,500000,123,1,0
HDB 5 Rooms,620000,113,1,1
HDB 4 Rooms,560000,85,0,1
HDB 5 Rooms,470000,110,1,0
HDB 5 Rooms,718000,116,1,1
HDB 3 Rooms,240000,67,0,0
HDB 5 Rooms,660000,112,0,0
HDB 4 Rooms,448000,103,1,0
HDB 5 Rooms,455000,116,1,0
HDB 5 Rooms,690000,113,1,0
HDB 4 Rooms,399000,104,0,1
HDB 5 Rooms,880000,119,1,0
HDB 3 Rooms,319000,68,0,1
HDB 4 Rooms,515000,87,1,1
HDB 4 Rooms,448000,104,0,1
HDB 3 Rooms,438000,64,0,1
HDB 5 Rooms,690000,121,1,1
HDB 5 Rooms,510000,114,1,1
HDB 4 Rooms,400000,92,1,1
HDB 5 Rooms,440000,127,1,1
HDB 3 Rooms,335000,74,1,0
HDB 5 Rooms,435000,122,1,0
HDB 3 Rooms,310000,67,0,1
HDB 5 Rooms,388000,122,1,0
HDB 4 Rooms,478000,93,1,1
HDB 5 Rooms,748000,119,0,1
HDB 4 Rooms,399000,104,0,1
HDB 3 Rooms,368000,82,0,0
HDB 3 Rooms,355000,68,0,1
HDB Executive,850000,146,0,0
HDB 4 Rooms,669000,92,1,1
HDB 4 Rooms,450000,92,1,0
HDB 5 Rooms,458000,122,0,0
HDB 3 Rooms,520000,68,1,1
HDB 5 Rooms,638000,123,1,0
HDB 5 Rooms,455000,110,1,1
HDB 4 Rooms,420000,92,0,0
HDB 5 Rooms,468000,130,1,1
HDB 3 Rooms,480000,99,1,1
HDB 5 Rooms,490000,123,0,0
HDB 5 Rooms,348000,110,1,1
HDB 4 Rooms,368000,92,0,0
HDB Executive,850000,145,1,0
HDB 3 Rooms,318000,67,0,1
HDB 3 Rooms,350000,74,0,0
HDB 5 Rooms,650000,118,1,0
HDB 3 Rooms,415000,82,1,0
HDB Executive,638000,148,1,0
HDB 5 Rooms,1158000,114,1,1
HDB 4 Rooms,650000,88,1,1
HDB 3 Rooms,380000,65,1,1
HDB 4 Rooms,400000,92,1,1
HDB 4 Rooms,380000,91,1,0
HDB 4 Rooms,470000,103,0,0
HDB Executive,738000,143,1,1
HDB 3 Rooms,330000,60,0,1
HDB 5 Rooms,860000,123,0,1
HDB 3 Rooms,299000,67,0,0
HDB 5 Rooms,598000,123,1,1
HDB 5 Rooms,415000,130,1,0
HDB 4 Rooms,460000,92,1,0
HDB 4 Rooms,700000,83,0,0
HDB 5 Rooms,699000,113,1,1
HDB 3 Rooms,350000,82,0,0
HDB 4 Rooms,480000,95,1,1
HDB 4 Rooms,462500,92,0,0
HDB Executive,1000000,146,0,1
HDB 4 Rooms,400000,90,0,1
HDB 4 Rooms,780000,100,0,0
HDB 4 Rooms,525000,93,1,1
HDB 4 Rooms,410000,93,1,0
HDB 4 Rooms,520000,102,0,0
HDB 4 Rooms,505001,93,0,1
HDB 5 Rooms,575000,123,1,1
HDB 5 Rooms,550000,112,1,1
HDB 4 Rooms,480000,92,0,1
HDB 5 Rooms,430000,134,1,1
HDB 4 Rooms,520000,98,1,0
HDB 5 Rooms,470000,133,1,0
HDB 3 Rooms,280000,60,0,0
HDB 3 Rooms,515000,67,1,1
HDB 5 Rooms,650000,118,1,0
HDB 3 Rooms,320000,65,1,0
HDB 5 Rooms,690000,114,1,1
HDB 5 Rooms,405000,110,1,1
HDB 5 Rooms,480000,115,1,0
HDB 4 Rooms,505001,93,0,1
HDB 4 Rooms,380000,103,0,0
HDB 5 Rooms,830000,108,1,1
HDB 4 Rooms,650000,102,1,0
HDB 3 Rooms,339000,65,0,0
HDB 4 Rooms,488000,104,0,1
HDB 5 Rooms,448000,121,0,1
HDB 5 Rooms,490000,121,1,1
HDB Executive,750000,146,0,1
HDB 3 Rooms,315000,69,1,0
HDB 3 Rooms,285000,67,0,0
HDB 4 Rooms,365000,100,0,0
HDB 5 Rooms,530000,112,0,0
HDB 5 Rooms,545000,117,0,0
HDB 4 Rooms,419000,105,0,0
HDB 5 Rooms,758000,105,1,1
HDB 3 Rooms,258000,76,0,0
HDB 4 Rooms,390000,92,0,0
HDB 4 Rooms,699000,88,0,1
HDB 5 Rooms,430000,134,1,1
HDB 4 Rooms,520000,90,0,0
HDB 3 Rooms,295000,65,0,1
HDB 4 Rooms,370000,100,0,1
HDB 3 Rooms,328000,65,0,0
HDB 4 Rooms,710000,87,1,1
HDB 5 Rooms,445000,109,0,0
HDB 4 Rooms,555000,92,1,1
HDB 3 Rooms,492000,79,1,0
HDB 4 Rooms,395000,94,0,1
HDB 5 Rooms,520000,124,1,0
HDB 5 Rooms,650888,113,1,1
HDB 3 Rooms,355000,68,0,1
HDB 5 Rooms,688000,118,0,1
HDB Executive,645000,151,0,0
HDB 5 Rooms,480000,119,1,0
HDB 2 Rooms,338000,67,0,1
HDB 5 Rooms,820000,123,0,1
HDB 5 Rooms,555000,110,0,1
HDB Executive,740000,149,1,0
HDB 5 Rooms,498000,117,0,1
HDB 4 Rooms,529000,87,1,0
HDB 4 Rooms,565000,103,0,0
HDB Executive,590000,146,0,0
HDB 4 Rooms,620000,95,0,1
HDB 5 Rooms,750000,123,1,0
HDB 3 Rooms,265000,67,0,0
HDB 4 Rooms,380000,104,0,1
HDB 5 Rooms,600000,124,0,0
HDB 5 Rooms,488000,128,1,0
HDB 4 Rooms,700000,83,0,0
HDB 4 Rooms,428000,92,0,1
HDB 3 Rooms,295000,68,1,0
HDB 5 Rooms,415000,130,1,0
HDB 3 Rooms,420000,67,0,1
HDB 5 Rooms,630000,125,0,0
HDB Executive,528888,128,0,0
HDB 3 Rooms,220000,56,0,0
HDB 4 Rooms,430000,103,0,0
HDB 3 Rooms,305000,61,0,0
HDB 5 Rooms,620000,119,1,0
HDB 3 Rooms,270000,66,1,0
HDB 5 Rooms,590000,120,1,1
HDB 4 Rooms,470000,92,0,0
HDB 5 Rooms,530000,121,1,1
HDB 5 Rooms,920000,112,1,1
HDB 5 Rooms,455000,122,1,1
HDB 3 Rooms,218000,80,0,0
HDB 5 Rooms,950000,139,0,0
HDB Executive,578888,137,1,0
HDB 5 Rooms,850000,116,1,1
HDB 4 Rooms,390000,91,1,0
HDB 3 Rooms,270000,68,0,1
HDB 5 Rooms,450000,110,1,1
HDB 5 Rooms,780000,110,0,1
HDB 2 Rooms,220000,40,0,0
HDB 5 Rooms,658888,113,1,0
HDB 4 Rooms,440000,92,1,0
HDB 4 Rooms,380000,104,1,0
HDB 3 Rooms,325000,67,1,1
HDB 3 Rooms,388000,82,1,0
HDB 4 Rooms,420000,104,0,1
HDB Executive,630000,146,0,1
HDB 3 Rooms,338000,82,1,0
HDB 4 Rooms,415000,88,1,1
HDB 4 Rooms,430000,104,0,0
HDB 5 Rooms,480000,110,1,0
HDB 3 Rooms,340000,68,1,0
HDB 4 Rooms,406000,94,0,0
HDB 5 Rooms,650000,113,1,1
HDB 5 Rooms,1135000,105,1,1
HDB 4 Rooms,430000,104,0,0
HDB 3 Rooms,280000,73,0,0
HDB 4 Rooms,408000,92,1,1
HDB 4 Rooms,399000,84,1,1
HDB 4 Rooms,500000,92,1,0
HDB 5 Rooms,408000,116,1,1
HDB 5 Rooms,580000,117,0,0
HDB 5 Rooms,500000,139,1,1
HDB 5 Rooms,548000,113,1,1
HDB 5 Rooms,898000,120,1,1
HDB Executive,650000,149,0,1
HDB 3 Rooms,330000,67,0,0
HDB 2 Rooms,360000,49,0,0
HDB Executive,460000,146,0,0
HDB 4 Rooms,390000,91,1,0
HDB 3 Rooms,336000,67,0,1
HDB 5 Rooms,460000,122,1,0
HDB 5 Rooms,420000,124,1,1
HDB 3 Rooms,320000,67,1,1
HDB 4 Rooms,470000,92,0,0
HDB 5 Rooms,499000,138,0,0
HDB 4 Rooms,677000,103,0,1
HDB 5 Rooms,550000,125,1,0
HDB 4 Rooms,380000,92,0,1
HDB Executive,800000,146,0,0
HDB Executive,748000,146,0,0
HDB Executive,630000,149,0,1
HDB Jumbo,768888,177,1,1
HDB 5 Rooms,500000,123,1,0
HDB 5 Rooms,450000,110,1,1
HDB 4 Rooms,390000,104,1,1
HDB 5 Rooms,840000,110,1,1
HDB 4 Rooms,420000,100,0,0
HDB 5 Rooms,468000,110,0,1
HDB 3 Rooms,399999,72,1,1
HDB 4 Rooms,438000,103,0,0
HDB Executive,638000,145,0,1
HDB 5 Rooms,560000,121,1,1
HDB 5 Rooms,860000,109,1,1
HDB 5 Rooms,655000,118,1,1
HDB 3 Rooms,295000,64,0,0
HDB 5 Rooms,512000,110,1,1
HDB 5 Rooms,750000,110,1,1
HDB 5 Rooms,694888,115,0,0
HDB 3 Rooms,370000,68,0,0
HDB 3 Rooms,260000,74,0,0
HDB 5 Rooms,748000,119,0,1
HDB 4 Rooms,735000,87,0,1
HDB 5 Rooms,950000,105,0,1
HDB 5 Rooms,455000,122,1,1
HDB 5 Rooms,608000,115,1,1
HDB Executive,685000,146,0,0
HDB 4 Rooms,318000,105,1,0
HDB 4 Rooms,515000,87,1,1
HDB 4 Rooms,338888,99,1,0
HDB 5 Rooms,500000,124,0,1
HDB 5 Rooms,370000,110,0,1
HDB 4 Rooms,508000,92,0,1
HDB 4 Rooms,420000,104,0,1
HDB 5 Rooms,490000,122,1,0
HDB 3 Rooms,320000,67,0,0
HDB 5 Rooms,430000,110,0,1
HDB 4 Rooms,650000,92,0,1
HDB 4 Rooms,699000,88,0,1
HDB 4 Rooms,520000,102,0,0
HDB 3 Rooms,249000,60,0,0
HDB 3 Rooms,299999,68,0,0
HDB 5 Rooms,550000,112,1,1
HDB 5 Rooms,550000,121,0,1
HDB 5 Rooms,700000,120,1,0
HDB 5 Rooms,490000,110,0,0
HDB 3 Rooms,339000,65,0,0
HDB Executive,650000,149,0,1
HDB 3 Rooms,300000,67,0,0
HDB 3 Rooms,248000,74,0,0
HDB 5 Rooms,588000,121,1,0
HDB 4 Rooms,368000,95,1,0
HDB 4 Rooms,453000,92,1,1
HDB 4 Rooms,499000,93,1,1
HDB Executive,760000,142,1,1
HDB 3 Rooms,280000,68,0,0
HDB 5 Rooms,690000,113,1,0
HDB 4 Rooms,420000,95,0,0
HDB 5 Rooms,499000,110,0,1
HDB 5 Rooms,600000,117,1,1
HDB 5 Rooms,470000,122,1,0
HDB 3 Rooms,310000,68,0,0
HDB Executive,769000,150,1,1
HDB 3 Rooms,238000,59,0,0
HDB 4 Rooms,490000,92,1,0
HDB 4 Rooms,450000,92,0,0
HDB 4 Rooms,525000,93,1,1
HDB 5 Rooms,818000,120,1,0
HDB 4 Rooms,520000,102,0,0
HDB 4 Rooms,538000,92,0,1
HDB 5 Rooms,799000,120,1,1
HDB 5 Rooms,488000,128,1,0
HDB 4 Rooms,450000,92,1,0
HDB 4 Rooms,728000,90,1,1
HDB 3 Rooms,370000,65,0,0
HDB 3 Rooms,280000,68,0,1
HDB 4 Rooms,838000,82,1,1
HDB 4 Rooms,400000,82,0,1
HDB 4 Rooms,398000,99,1,1
HDB 5 Rooms,825000,108,1,1
HDB 4 Rooms,419688,104,1,1
HDB 3 Rooms,340000,67,1,1
HDB 4 Rooms,560000,93,0,0
HDB 5 Rooms,389000,110,0,1
HDB 3 Rooms,298000,68,0,0
HDB 5 Rooms,450000,127,1,0
HDB 4 Rooms,488000,104,0,1
HDB 4 Rooms,510000,91,1,1
HDB 4 Rooms,449999,97,1,1
HDB 4 Rooms,338888,99,1,0
HDB Executive,560000,125,0,1
HDB Jumbo,750000,164,1,1
HDB 3 Rooms,300000,67,0,0
HDB Executive,650000,144,1,1
HDB 4 Rooms,450000,98,0,0
HDB Executive,705000,149,0,0
HDB 4 Rooms,329000,104,1,0
HDB 3 Rooms,258000,64,0,0
HDB Executive,790000,144,1,0
HDB 5 Rooms,488000,126,0,0
HDB 5 Rooms,545000,117,0,0
HDB 4 Rooms,370000,91,1,1
HDB 5 Rooms,750000,123,1,0
HDB 5 Rooms,388000,111,0,1
HDB 3 Rooms,315000,67,0,1
HDB 5 Rooms,458000,122,1,1
HDB 4 Rooms,375000,92,1,0
HDB 5 Rooms,830000,108,0,0
HDB 5 Rooms,500000,124,0,1
HDB 5 Rooms,758000,111,1,0
HDB 4 Rooms,650000,108,1,0
HDB 5 Rooms,690000,114,1,1
HDB 4 Rooms,630000,92,1,1
HDB Executive,738000,143,1,1
HDB 4 Rooms,538000,92,0,1
HDB 3 Rooms,455000,60,0,1
HDB Executive,748000,147,0,0
HDB Jumbo,720000,177,1,1
HDB 5 Rooms,668000,121,1,1
HDB Executive,850000,145,0,1
HDB 4 Rooms,420000,90,0,0
HDB 5 Rooms,628000,112,1,1
HDB 4 Rooms,378000,104,0,0
HDB 3 Rooms,320000,82,0,0
HDB 5 Rooms,450000,110,1,0
HDB Executive,899000,146,0,1
HDB 5 Rooms,750000,121,1,0
HDB 5 Rooms,580000,121,0,1
HDB 4 Rooms,462500,92,0,0
HDB 4 Rooms,520000,92,1,1
HDB Executive,680000,146,0,0
HDB Jumbo,790000,192,1,1
HDB 5 Rooms,575000,123,1,1
HDB 5 Rooms,370000,110,0,1
HDB 4 Rooms,420000,104,0,1
HDB Executive,580000,146,0,1
HDB 4 Rooms,430000,103,1,1
HDB 3 Rooms,318000,67,0,1
HDB Jumbo,748000,132,0,0
HDB 4 Rooms,518000,104,1,0
HDB 3 Rooms,299000,68,1,0
HDB 2 Rooms,245000,40,0,1
HDB 4 Rooms,430000,92,1,1
HDB Executive,838000,141,1,1
HDB 5 Rooms,475000,125,0,0
HDB 4 Rooms,630000,93,1,1
HDB 4 Rooms,460000,104,0,0
HDB 4 Rooms,399000,95,1,1
HDB 5 Rooms,745000,121,1,1
HDB 3 Rooms,365000,82,1,1
HDB 5 Rooms,490000,110,0,1
HDB 4 Rooms,400000,102,0,1
HDB 4 Rooms,498000,103,0,1
HDB 4 Rooms,455000,104,1,1
HDB 4 Rooms,588000,107,1,0
HDB 5 Rooms,599888,112,0,0
HDB 4 Rooms,368000,102,0,0
HDB 5 Rooms,415000,120,1,0
HDB Executive,680000,150,0,1
HDB 3 Rooms,400000,70,1,1
HDB 5 Rooms,510000,115,1,1
HDB 3 Rooms,275000,74,0,0
HDB Executive,560000,146,0,0
HDB 4 Rooms,367000,101,0,0
HDB 5 Rooms,698888,117,1,1
HDB 5 Rooms,585000,118,0,1
HDB 5 Rooms,849888,110,0,0
HDB 3 Rooms,730000,62,0,0
HDB 4 Rooms,840000,80,1,1
HDB 4 Rooms,680000,90,0,0
HDB 3 Rooms,299000,60,0,0
HDB Executive,980000,149,0,0
HDB 3 Rooms,260000,56,0,1
HDB 4 Rooms,580000,105,0,0
HDB 4 Rooms,420000,104,0,0
HDB 5 Rooms,828000,121,1,1
HDB 3 Rooms,428000,74,1,1
HDB 4 Rooms,550000,104,1,1
HDB 5 Rooms,620000,113,1,1
HDB Executive,600000,128,0,1
HDB 4 Rooms,480000,100,0,0
HDB 3 Rooms,410000,88,1,1
HDB Executive,575000,142,0,1
HDB 5 Rooms,475000,125,0,0
HDB 2 Rooms,260000,47,0,0
HDB Executive,768000,142,0,0
HDB 3 Rooms,304000,68,0,0
HDB 4 Rooms,440000,83,0,0
HDB 5 Rooms,599000,121,1,1
HDB 5 Rooms,420000,121,1,1
HDB 5 Rooms,500000,112,0,0
HDB 5 Rooms,515000,135,1,0
HDB 3 Rooms,300000,65,0,0
HDB 4 Rooms,370000,104,0,1
HDB 4 Rooms,700000,95,1,1
HDB 4 Rooms,780000,82,1,1
HDB 3 Rooms,318000,65,0,1
HDB 4 Rooms,450000,91,1,1
HDB 3 Rooms,450000,73,1,1
HDB 4 Rooms,360000,102,0,1
HDB 5 Rooms,388000,120,1,0
HDB 5 Rooms,490000,122,1,1
HDB 4 Rooms,650000,102,0,0
HDB 5 Rooms,505000,121,1,0
HDB 4 Rooms,525000,107,1,1
HDB 4 Rooms,420000,96,1,1
HDB 4 Rooms,475000,104,0,0
HDB 5 Rooms,840000,110,1,1
HDB 5 Rooms,568000,113,1,1
HDB 3 Rooms,315000,68,0,1
HDB 4 Rooms,370000,91,0,1
HDB Executive,780000,144,1,1
HDB 5 Rooms,588000,121,1,0
HDB 3 Rooms,350000,65,0,1
HDB Executive,758000,146,1,0
HDB 5 Rooms,500000,128,0,1
HDB 4 Rooms,450000,105,1,1
HDB 4 Rooms,550000,93,1,1
HDB 4 Rooms,410000,92,1,1
HDB 4 Rooms,500000,92,1,1
HDB 5 Rooms,845000,105,0,0
HDB 3 Rooms,350000,67,0,0
HDB Executive,570000,125,1,0
HDB 4 Rooms,326000,93,0,0
HDB 3 Rooms,240000,59,0,0
HDB 4 Rooms,478000,98,1,0
HDB 5 Rooms,428000,110,0,0
HDB 3 Rooms,370000,65,0,0
HDB 4 Rooms,359000,92,1,1
HDB 5 Rooms,510000,110,0,0
HDB 4 Rooms,470000,102,0,0
HDB 4 Rooms,430000,92,1,1
HDB 4 Rooms,528000,92,1,1
HDB Executive,675000,148,1,0
HDB 5 Rooms,738000,115,1,0
HDB 3 Rooms,282000,65,0,0
HDB 3 Rooms,298000,65,0,0
HDB 5 Rooms,540000,113,1,1
HDB 5 Rooms,410000,114,1,1
HDB 3 Rooms,338000,65,0,0
HDB 4 Rooms,430000,93,0,1
HDB 3 Rooms,348000,68,1,1
HDB 5 Rooms,480000,122,1,0
HDB 5 Rooms,390000,121,1,0
HDB 4 Rooms,870000,87,1,1
HDB 4 Rooms,348000,84,0,1
HDB 5 Rooms,499999,120,1,1
HDB 5 Rooms,560000,132,0,1
HDB Executive,560000,125,1,1
HDB 4 Rooms,420000,104,1,0
HDB 3 Rooms,319000,68,0,1
HDB 5 Rooms,980000,110,0,0
HDB Executive,750000,144,1,1
HDB 5 Rooms,608000,118,1,0
HDB 4 Rooms,375000,92,1,1
HDB 5 Rooms,958000,115,1,0
HDB 4 Rooms,435000,101,1,0
HDB 4 Rooms,395000,103,1,1
HDB Jumbo,850000,173,0,1
HDB 4 Rooms,415000,92,1,1
HDB 4 Rooms,359000,92,1,1
HDB 3 Rooms,350000,64,0,0
HDB 4 Rooms,410000,105,0,0
HDB 4 Rooms,590000,92,0,0
HDB Executive,518888,144,0,0
HDB 3 Rooms,410000,88,1,1
HDB 5 Rooms,668000,113,1,1
HDB 5 Rooms,899000,121,1,0
HDB 4 Rooms,458000,92,0,0
HDB 4 Rooms,515000,84,0,1
HDB 4 Rooms,460000,100,0,1
HDB 5 Rooms,539000,109,1,1
HDB 4 Rooms,445000,92,1,0
HDB 3 Rooms,315000,67,0,1
HDB 4 Rooms,445000,92,1,1
HDB 5 Rooms,699000,136,0,1
HDB 4 Rooms,630000,92,1,1
HDB 4 Rooms,410000,93,1,0
HDB 3 Rooms,330000,65,0,0
HDB 3 Rooms,320000,67,0,0
HDB 5 Rooms,868000,119,0,1
HDB 4 Rooms,340000,84,0,0
HDB 5 Rooms,768000,112,1,1
HDB 4 Rooms,398000,91,0,0
HDB 4 Rooms,488000,104,0,1
HDB 4 Rooms,420000,104,1,0
HDB 5 Rooms,399000,123,0,0
HDB 4 Rooms,370000,93,1,0
HDB Executive,750000,146,0,1
HDB Executive,567000,132,1,0
HDB 4 Rooms,460000,93,1,1
HDB 5 Rooms,438000,121,1,0
HDB 4 Rooms,420000,111,0,0
HDB 4 Rooms,738000,93,1,1
HDB 5 Rooms,530000,112,0,0
HDB 4 Rooms,460000,92,1,0
HDB 4 Rooms,400000,92,1,1
HDB 4 Rooms,450000,93,0,0
HDB 4 Rooms,425000,104,0,0
HDB 4 Rooms,498000,92,1,0
HDB 4 Rooms,400000,85,0,1
HDB Executive,899000,146,0,1
HDB 3 Rooms,570000,60,0,1
HDB 5 Rooms,1000000,120,1,1
HDB 4 Rooms,650000,90,0,1
HDB 3 Rooms,288000,68,0,0
HDB 4 Rooms,700000,85,1,0
HDB 3 Rooms,580000,60,0,1
HDB 3 Rooms,260000,67,0,1
HDB Executive,555000,146,0,0
HDB 4 Rooms,690000,87,1,0
HDB 5 Rooms,650000,133,1,0
