Property Type,Price,HDB Town,Area_sqm,Corner Unit,Renovated
HDB Executive,560000,Bukit Batok,142,1,1
HDB 4 Rooms,480000,Geylang,92,1,0
HDB 5 Rooms,568000,Sengkang,113,1,1
HDB 4 Rooms,308888,Yishun,84,0,1
HDB 5 Rooms,750000,Marine Parade,120,0,1
HDB 4 Rooms,570000,Bedok,107,0,1
HDB 3 Rooms,320000,Bedok,68,0,1
HDB 4 Rooms,670000,Tampines,83,1,1
HDB 5 Rooms,899000,Kallang/Whampoa,110,1,0
HDB Executive,758000,Pasir Ris,146,1,0
HDB Executive,799988,Tampines,147,1,1
HDB Executive,530000,Yishun,142,1,0
HDB 4 Rooms,398000,Tampines,84,0,1
HDB 4 Rooms,410000,Hougang,100,0,0
HDB 4 Rooms,440000,Ang Mo Kio,99,1,1
HDB 5 Rooms,528000,Bukit Batok,122,1,0
HDB 5 Rooms,548000,Sengkang,111,1,1
HDB 5 Rooms,675000,Punggol,110,1,1
HDB 5 Rooms,590000,Tampines,127,1,1
HDB Executive,700000,Tampines,146,1,0
HDB 4 Rooms,540000,Punggol,93,0,0
HDB Executive,768000,Tampines,146,0,0
HDB 3 Rooms,599000,Clementi,60,0,1
HDB 4 Rooms,355000,Bukit Panjang,103,0,1
HDB Executive,718000,Hougang,148,1,0
HDB 5 Rooms,390000,Woodlands,118,1,0
HDB 5 Rooms,415000,Yishun,121,1,1
HDB 4 Rooms,398000,Bukit Batok,93,1,0
HDB 3 Rooms,298000,Kallang/Whampoa,65,0,1
HDB Executive,930000,Bishan,155,0,0
HDB 3 Rooms,275000,Bukit Batok,73,0,0
HDB 5 Rooms,668000,Hougang,116,1,1
HDB 5 Rooms,508000,Choa Chu Kang,126,1,1
HDB 4 Rooms,530000,Serangoon,93,1,1
HDB 3 Rooms,328000,Bedok,67,0,1
HDB 4 Rooms,433000,Geylang,104,1,0
HDB 4 Rooms,410000,Bedok,92,1,1
HDB 5 Rooms,590000,Tampines,127,1,1
HDB 4 Rooms,425000,Sengkang,93,0,0
HDB 4 Rooms,535000,Pasir Ris,93,1,1
HDB Executive,595000,Sengkang,130,1,1
HDB 5 Rooms,530000,Tampines,124,1,1
HDB 4 Rooms,550000,Kallang/Whampoa,77,1,1
HDB Executive,930000,Bishan,155,0,0
HDB 3 Rooms,210000,Jurong West,65,0,0
HDB 5 Rooms,415000,Jurong West,110,1,0
HDB 3 Rooms,500000,Bukit Merah,82,0,0
HDB 4 Rooms,550000,Bedok,92,0,1
HDB 4 Rooms,450000,Tampines,91,0,1
HDB Executive,729888,Pasir Ris,150,1,1
HDB 4 Rooms,425000,Bedok,92,1,0
HDB Executive,600000,Pasir Ris,149,0,0
HDB 5 Rooms,710000,Ang Mo Kio,133,0,1
HDB 4 Rooms,499000,Pasir Ris,93,1,1
HDB 4 Rooms,405000,Sengkang,93,0,1
HDB 5 Rooms,499999,Pasir Ris,128,1,0
HDB 4 Rooms,410000,Yishun,92,1,0
HDB 5 Rooms,495000,Punggol,110,1,1
HDB Executive,800000,Hougang,146,0,0
HDB 3 Rooms,390000,Kallang/Whampoa,67,0,0
HDB Executive,560000,Jurong East,149,1,1
HDB 4 Rooms,440000,Geylang,92,1,0
HDB 4 Rooms,338000,Bukit Batok,93,0,0
HDB 3 Rooms,300000,Ang Mo Kio,82,1,0
HDB 5 Rooms,698000,Toa Payoh,125,0,0
HDB 4 Rooms,388000,Pasir Ris,107,0,0
HDB 5 Rooms,548000,Sengkang,111,1,1
HDB Executive,768000,Tampines,146,0,0
HDB 3 Rooms,825000,Kallang/Whampoa,100,0,1
HDB Executive,800000,Hougang,146,0,0
HDB 3 Rooms,280000,Hougang,64,0,0
HDB Executive,600000,Pasir Ris,149,0,0
HDB 5 Rooms,585000,Pasir Ris,133,1,1
HDB 4 Rooms,410000,Sengkang,90,0,0
HDB 5 Rooms,880000,Toa Payoh,115,0,0
HDB Executive,640000,Sengkang,125,1,1
HDB 4 Rooms,400000,Serangoon,104,0,1
HDB 4 Rooms,279000,Yishun,84,0,0
HDB Executive,729888,Pasir Ris,150,1,1
HDB 5 Rooms,415000,Bedok,126,1,1
HDB 5 Rooms,788000,Hougang,112,1,1
HDB 5 Rooms,560000,Jurong West,112,1,0
HDB 4 Rooms,420000,Tampines,102,0,1
HDB 5 Rooms,720000,Marine Parade,120,1,0
HDB 3 Rooms,210000,Jurong West,65,0,0
HDB 5 Rooms,418000,Bukit Panjang,122,1,1
HDB 5 Rooms,575000,Punggol,110,1,1
HDB 4 Rooms,530000,Serangoon,93,1,1
HDB 4 Rooms,720000,Hougang,92,0,1
HDB 4 Rooms,478000,Tampines,107,0,0
HDB 4 Rooms,498000,Punggol,93,1,1
HDB 4 Rooms,499000,Punggol,90,1,1
HDB Executive,600000,Tampines,146,1,1
HDB 3 Rooms,390000,Kallang/Whampoa,67,0,0
HDB 5 Rooms,390000,Woodlands,118,1,0
HDB 4 Rooms,388000,Yishun,84,0,1
HDB 4 Rooms,410000,Bedok,92,1,1
HDB 4 Rooms,655000,Clementi,91,1,1
HDB 3 Rooms,350000,Punggol,68,1,1
HDB 5 Rooms,428888,Punggol,111,1,0
HDB Executive,660000,Serangoon,147,0,1
HDB 5 Rooms,428888,Punggol,111,1,0
HDB 5 Rooms,700000,Geylang,120,1,0
HDB 4 Rooms,400000,Jurong East,98,0,1
HDB 4 Rooms,570000,Bishan,104,0,1
HDB 5 Rooms,560000,Toa Payoh,132,1,1
HDB 3 Rooms,258000,Ang Mo Kio,67,0,1
HDB 4 Rooms,580000,Sengkang,96,1,1
HDB 3 Rooms,355000,Ang Mo Kio,73,0,0
HDB 4 Rooms,840000,Clementi,80,1,1
HDB 5 Rooms,699000,Queenstown,117,1,0
HDB 4 Rooms,400000,Serangoon,104,0,1
HDB 4 Rooms,550000,Bedok,92,0,1
HDB 4 Rooms,350000,Choa Chu Kang,104,0,0
HDB 3 Rooms,320000,Tampines,74,0,1
HDB 1 Room,210000,Bukit Merah,31,0,1
HDB 4 Rooms,595000,Clementi,104,0,1
HDB 5 Rooms,530000,Pasir Ris,121,0,0
HDB 3 Rooms,310000,Woodlands,67,0,1
HDB 4 Rooms,480000,Serangoon,104,1,1
HDB 5 Rooms,795000,Bishan,128,1,0
HDB 5 Rooms,480000,Punggol,110,1,1
HDB 4 Rooms,350000,Sengkang,90,1,1
HDB 3 Rooms,300000,Jurong East,67,0,1
HDB 5 Rooms,788000,Hougang,112,1,1
HDB 5 Rooms,585000,Pasir Ris,133,1,1
HDB 5 Rooms,480000,Woodlands,121,1,0
HDB 4 Rooms,688000,Tampines,83,1,1
HDB 4 Rooms,440000,Ang Mo Kio,99,1,1
HDB 3 Rooms,398000,Tampines,67,1,0
HDB Executive,750000,Tampines,147,1,1
HDB 4 Rooms,390000,Tampines,107,0,0
HDB 4 Rooms,380000,Sengkang,100,0,1
HDB 4 Rooms,359000,Toa Payoh,82,1,0
HDB 4 Rooms,720000,Hougang,92,0,1
HDB Executive,735000,Pasir Ris,144,0,0
HDB 5 Rooms,468000,Hougang,115,1,0
HDB 4 Rooms,355000,Bukit Panjang,103,0,1
HDB 5 Rooms,520000,Woodlands,112,0,1
HDB Executive,780000,Kallang/Whampoa,150,0,1
HDB 4 Rooms,480000,Tampines,104,1,1
HDB 4 Rooms,425000,Sengkang,93,0,0
HDB 5 Rooms,578000,Jurong East,120,1,1
HDB 3 Rooms,368000,Hougang,67,0,0
HDB 5 Rooms,515000,Tampines,121,1,1
HDB Executive,750000,Tampines,147,1,1
HDB 4 Rooms,620000,Yishun,92,0,0
HDB 3 Rooms,355000,Ang Mo Kio,73,0,0
HDB 3 Rooms,370000,Marine Parade,65,0,0
HDB Executive,680000,Tampines,146,0,0
HDB 4 Rooms,410000,Sengkang,90,0,0
HDB 5 Rooms,738888,Tampines,108,1,1
HDB 3 Rooms,530000,Tampines,62,1,1
HDB 4 Rooms,660000,Serangoon,103,0,1
HDB 4 Rooms,355000,Bukit Panjang,103,0,1
HDB Executive,560000,Jurong East,149,1,1
HDB Executive,560000,Jurong West,132,1,1
HDB 5 Rooms,415000,Yishun,121,1,1
HDB 4 Rooms,338000,Bukit Batok,93,0,0
HDB 5 Rooms,900000,Marine Parade,120,1,1
HDB 3 Rooms,235000,Toa Payoh,67,0,0
HDB 3 Rooms,599000,Clementi,60,0,1
HDB Executive,729888,Pasir Ris,150,1,1
HDB 4 Rooms,355000,Bukit Panjang,103,0,1
HDB 5 Rooms,795000,Bishan,128,1,0
HDB 4 Rooms,750000,Queenstown,90,1,0
HDB 3 Rooms,365000,Bedok,82,1,1
HDB 4 Rooms,478000,Bukit Panjang,93,1,1
HDB 5 Rooms,710000,Bukit Merah,114,1,1
HDB 2 Rooms,255000,Pasir Ris,47,0,1
HDB 4 Rooms,655000,Clementi,91,1,1
HDB 3 Rooms,490000,Marine Parade,82,0,1
HDB Executive,980000,Bishan,146,1,1
HDB 5 Rooms,788000,Hougang,112,1,1
HDB 4 Rooms,540000,Marine Parade,87,1,1
HDB 4 Rooms,470000,Tampines,91,0,1
HDB 5 Rooms,530000,Tampines,132,1,1
HDB 3 Rooms,355000,Ang Mo Kio,73,0,0
HDB 5 Rooms,850000,Bishan,120,1,1
HDB 3 Rooms,370000,Marine Parade,65,0,0
HDB 4 Rooms,558000,Tampines,93,1,1
HDB 5 Rooms,468000,Bukit Panjang,122,1,1
HDB 4 Rooms,279000,Yishun,84,0,0
HDB 4 Rooms,368000,Geylang,84,0,0
HDB 5 Rooms,460000,Punggol,110,1,0
HDB 3 Rooms,490000,Marine Parade,82,0,1
HDB 5 Rooms,509000,Sengkang,110,1,1
HDB 4 Rooms,380000,Ang Mo Kio,92,0,0
HDB 5 Rooms,700000,Geylang,120,1,0
HDB 5 Rooms,480000,Woodlands,121,1,0
HDB 4 Rooms,420000,Hougang,91,0,0
HDB 4 Rooms,670000,Tampines,83,1,1
HDB 5 Rooms,499999,Pasir Ris,128,1,0
HDB 5 Rooms,415000,Jurong West,110,1,0
HDB 4 Rooms,438000,Tampines,104,1,0
HDB 4 Rooms,360000,Bukit Panjang,104,0,1
HDB 4 Rooms,450000,Pasir Ris,106,0,1
HDB 5 Rooms,438000,Woodlands,111,0,0
HDB 4 Rooms,550000,Bedok,92,0,1
HDB 5 Rooms,710000,Bukit Merah,114,1,1
HDB 3 Rooms,335000,Tampines,75,0,1
HDB 5 Rooms,480000,Jurong East,135,1,1
HDB 4 Rooms,400000,Serangoon,104,0,1
HDB 5 Rooms,750000,Marine Parade,120,0,1
HDB 4 Rooms,540000,Pasir Ris,93,0,1
HDB Executive,780000,Kallang/Whampoa,150,0,1
HDB 3 Rooms,490000,Marine Parade,82,0,1
HDB 3 Rooms,320000,Bedok,68,0,1
HDB 4 Rooms,550000,Toa Payoh,101,1,1
HDB 5 Rooms,585000,Pasir Ris,133,1,1
HDB 3 Rooms,258000,Ang Mo Kio,67,0,1
HDB 5 Rooms,698000,Toa Payoh,125,0,0
HDB 5 Rooms,400000,Sengkang,120,1,1
HDB 4 Rooms,380000,Kallang/Whampoa,91,1,0
HDB Executive,598000,Jurong West,132,1,1
HDB 5 Rooms,880000,Bukit Merah,110,1,1
HDB 5 Rooms,430000,Sengkang,116,1,0
HDB 4 Rooms,660000,Serangoon,103,0,1
HDB Executive,480000,Sembawang,130,0,0
HDB 5 Rooms,520000,Yishun,122,0,1
HDB 4 Rooms,440000,Geylang,92,1,0
HDB 4 Rooms,380000,Ang Mo Kio,92,0,0
HDB 4 Rooms,400000,Jurong East,98,0,1
HDB 4 Rooms,550000,Toa Payoh,101,1,1
HDB 4 Rooms,620000,Yishun,92,0,0
HDB Executive,598000,Jurong West,132,1,1
HDB 5 Rooms,550000,Bukit Merah,114,1,0
HDB 4 Rooms,490000,Sengkang,92,1,0
HDB 4 Rooms,535000,Pasir Ris,93,1,1
HDB 5 Rooms,1038000,Queenstown,104,0,1
HDB 4 Rooms,460000,Punggol,90,1,1
HDB 5 Rooms,738888,Tampines,108,1,1
HDB 4 Rooms,579000,Jurong West,91,0,1
HDB 5 Rooms,390000,Woodlands,118,1,0
HDB 4 Rooms,490000,Bukit Panjang,92,1,1
HDB 4 Rooms,350000,Ang Mo Kio,92,0,0
HDB 4 Rooms,548000,Toa Payoh,110,1,0
HDB 3 Rooms,430000,Jurong East,67,1,0
HDB 4 Rooms,450000,Sengkang,92,0,1
HDB 3 Rooms,328000,Bukit Merah,65,0,1
HDB 4 Rooms,438000,Tampines,103,0,0
HDB 5 Rooms,880000,Bukit Merah,119,1,1
HDB Executive,660000,Sengkang,141,1,0
HDB 4 Rooms,560000,Bukit Merah,85,1,1
HDB 4 Rooms,400000,Sengkang,101,1,1
HDB 4 Rooms,488000,Tampines,104,0,0
HDB 5 Rooms,790000,Bukit Merah,110,1,1
HDB 4 Rooms,458000,Bishan,84,0,0
HDB 4 Rooms,468000,Bishan,83,0,1
HDB 5 Rooms,850000,Tampines,108,1,1
HDB 5 Rooms,690000,Bishan,120,1,1
HDB 3 Rooms,293000,Bedok,68,0,1
HDB 3 Rooms,348000,Tampines,74,0,0
HDB 5 Rooms,880000,Hougang,109,0,1
HDB 5 Rooms,455000,Sengkang,122,1,1
HDB 3 Rooms,255000,Bedok,60,0,0
HDB Executive,555555,Sengkang,141,1,1
HDB 5 Rooms,459000,Woodlands,125,1,0
HDB 5 Rooms,530000,Yishun,112,1,1
HDB 4 Rooms,580000,Tampines,93,0,0
HDB 4 Rooms,480000,Jurong West,112,0,0
HDB 3 Rooms,350000,Punggol,68,1,1
HDB 4 Rooms,440000,Hougang,103,0,1
HDB 4 Rooms,400000,Jurong East,98,0,1
HDB 4 Rooms,488000,Tampines,104,0,1
HDB 4 Rooms,350000,Choa Chu Kang,103,0,0
HDB 5 Rooms,750000,Punggol,113,1,1
HDB 3 Rooms,280000,Bedok,67,0,1
HDB 5 Rooms,545000,Kallang/Whampoa,117,0,0
HDB 4 Rooms,360000,Bedok,92,1,0
HDB 3 Rooms,258000,Ang Mo Kio,67,0,1
HDB 4 Rooms,350000,Jurong West,106,1,0
HDB 5 Rooms,520000,Sengkang,123,0,1
HDB 5 Rooms,820000,Hougang,112,0,1
HDB 4 Rooms,688888,Hougang,92,0,1
HDB 5 Rooms,520000,Sengkang,123,0,1
HDB 5 Rooms,440000,Pasir Ris,122,1,1
HDB 5 Rooms,450000,Choa Chu Kang,122,1,1
HDB 5 Rooms,818000,Queenstown,144,0,1
HDB 5 Rooms,390000,Woodlands,123,0,1
HDB 5 Rooms,508000,Choa Chu Kang,126,1,1
HDB 5 Rooms,790000,Tampines,110,1,0
HDB 4 Rooms,780000,Central Area,82,1,1
HDB 5 Rooms,699000,Tampines,109,1,1
HDB 5 Rooms,448000,Sengkang,111,1,0
HDB 4 Rooms,430000,Bedok,92,1,1
HDB Executive,598000,Jurong West,132,1,1
HDB 4 Rooms,510000,Punggol,93,1,0
HDB 5 Rooms,980000,Bukit Merah,110,0,0
HDB 4 Rooms,790000,Clementi,81,1,0
HDB 3 Rooms,265000,Bedok,58,0,0
HDB 3 Rooms,280000,Ang Mo Kio,67,0,0
HDB Jumbo,600000,Woodlands,163,1,0
HDB 5 Rooms,980000,Bukit Merah,115,0,0
HDB 4 Rooms,425000,Bedok,92,1,0
HDB 4 Rooms,478000,Bukit Panjang,93,1,1
HDB 5 Rooms,510000,Sengkang,114,1,1
HDB 2 Rooms,250000,Sengkang,44,0,0
HDB 3 Rooms,353000,Bedok,84,1,1
HDB 4 Rooms,360000,Bedok,92,1,0
HDB 3 Rooms,440000,Queenstown,72,1,1
HDB Executive,669000,Pasir Ris,146,0,0
HDB 3 Rooms,350000,Queenstown,60,0,1
HDB 5 Rooms,465000,Pasir Ris,124,0,0
HDB 4 Rooms,499999,Jurong East,87,1,1
HDB 5 Rooms,599888,Punggol,112,0,1
HDB 5 Rooms,455000,Sengkang,122,1,1
HDB Executive,780000,Kallang/Whampoa,150,0,1
HDB 5 Rooms,418000,Jurong West,136,1,1
HDB 3 Rooms,288000,Ang Mo Kio,60,0,0
HDB 3 Rooms,318888,Bukit Panjang,93,1,1
HDB 3 Rooms,295000,Kallang/Whampoa,62,0,0
HDB 5 Rooms,799000,Bedok,133,1,0
HDB 5 Rooms,599888,Punggol,112,0,1
HDB 4 Rooms,478000,Punggol,95,1,0
HDB 5 Rooms,538000,Tampines,120,1,1
HDB 3 Rooms,298000,Kallang/Whampoa,65,0,0
HDB 5 Rooms,900000,Clementi,105,1,0
HDB 5 Rooms,868000,Bukit Merah,119,0,1
HDB Executive,608888,Woodlands,174,1,1
HDB 3 Rooms,390000,Kallang/Whampoa,60,1,1
HDB 5 Rooms,405000,Woodlands,110,1,1
HDB 5 Rooms,509000,Sengkang,110,1,1
HDB Executive,995000,Kallang/Whampoa,137,0,1
HDB 4 Rooms,390000,Ang Mo Kio,92,0,1
HDB 3 Rooms,299000,Ang Mo Kio,68,0,0
HDB Executive,528000,Jurong West,147,1,1
HDB 4 Rooms,418686,Toa Payoh,81,0,1
HDB 5 Rooms,360000,Choa Chu Kang,110,1,0
HDB 4 Rooms,450000,Hougang,113,0,0
HDB 3 Rooms,280000,Bedok,67,0,1
HDB 5 Rooms,870000,Marine Parade,122,1,0
HDB 5 Rooms,505000,Tampines,124,1,1
HDB 3 Rooms,255000,Geylang,60,0,0
HDB 3 Rooms,438000,Bukit Merah,81,1,0
HDB Executive,750000,Tampines,146,0,1
HDB 4 Rooms,420000,Ang Mo Kio,92,1,0
HDB 4 Rooms,530000,Punggol,93,0,0
HDB 5 Rooms,610000,Sengkang,112,0,0
HDB 3 Rooms,268000,Ang Mo Kio,68,0,0
HDB 4 Rooms,550000,Serangoon,93,1,1
HDB 3 Rooms,280000,Hougang,64,0,0
HDB 4 Rooms,348000,Bedok,90,1,0
HDB Executive,535000,Bukit Batok,147,0,0
HDB 4 Rooms,450000,Tampines,91,0,1
HDB 5 Rooms,485000,Tampines,133,1,0
HDB 3 Rooms,333000,Ang Mo Kio,73,1,1
HDB 4 Rooms,390000,Hougang,104,0,0
HDB 4 Rooms,528000,Ang Mo Kio,93,0,1
HDB 4 Rooms,380000,Jurong West,100,0,1
HDB Executive,560000,Jurong West,132,1,1
HDB 4 Rooms,300000,Yishun,84,0,0
HDB 4 Rooms,380000,Yishun,104,1,0
HDB 3 Rooms,420000,Ang Mo Kio,67,1,1
HDB 3 Rooms,688000,Serangoon,125,1,1
HDB Executive,750000,Tampines,146,0,0
HDB 3 Rooms,299000,Hougang,74,0,0
HDB 4 Rooms,760000,Clementi,90,1,1
HDB 3 Rooms,260000,Hougang,64,0,1
HDB 5 Rooms,1135000,Bukit Merah,105,1,1
HDB Executive,680000,Tampines,146,0,0
HDB 5 Rooms,499000,Tampines,122,1,0
HDB 5 Rooms,470000,Choa Chu Kang,133,1,0
HDB 5 Rooms,408000,Jurong West,129,1,0
HDB 3 Rooms,930000,Queenstown,155,0,0
HDB Jumbo,665000,Woodlands,174,0,1
HDB 5 Rooms,560000,Pasir Ris,122,1,1
HDB Executive,680000,Woodlands,170,0,1
HDB 3 Rooms,300000,Bukit Merah,65,0,1
HDB 4 Rooms,580000,Bukit Merah,99,1,0
HDB 5 Rooms,750000,Punggol,113,1,1
HDB 4 Rooms,710000,Bedok,87,1,0
HDB 4 Rooms,450000,Hougang,93,0,0
HDB 3 Rooms,320000,Ang Mo Kio,67,0,0
HDB 3 Rooms,315000,Bedok,67,0,0
HDB 4 Rooms,588000,Tampines,93,1,0
HDB Executive,780000,Jurong West,148,0,1
HDB 5 Rooms,528000,Tampines,133,1,1
HDB 5 Rooms,700000,Toa Payoh,120,0,0
HDB 4 Rooms,500000,Bukit Panjang,91,1,1
HDB 5 Rooms,578000,Sengkang,113,1,1
HDB 3 Rooms,360000,Clementi,67,0,0
HDB 5 Rooms,450000,Choa Chu Kang,122,1,1
HDB 5 Rooms,638000,Sengkang,112,1,1
HDB 5 Rooms,500000,Sengkang,111,0,0
HDB 4 Rooms,750000,Bedok,87,1,1
HDB 4 Rooms,336800,Sembawang,102,1,0
HDB 4 Rooms,520000,Punggol,93,0,1
HDB 4 Rooms,550000,Bishan,102,0,0
HDB 4 Rooms,550000,Bishan,108,1,0
HDB 4 Rooms,600888,Tampines,93,1,1
HDB 3 Rooms,268000,Ang Mo Kio,68,0,0
HDB Jumbo,600000,Woodlands,163,1,0
HDB 4 Rooms,515000,Serangoon,83,0,1
HDB 3 Rooms,275000,Bedok,68,0,0
HDB 4 Rooms,279000,Yishun,84,0,0
HDB Executive,642888,Choa Chu Kang,152,0,1
HDB Executive,569000,Sengkang,128,1,0
HDB 4 Rooms,838000,Bukit Merah,88,1,1
HDB 5 Rooms,480000,Jurong East,135,1,1
HDB Executive,700000,Bedok,150,1,0
HDB 3 Rooms,280000,Bedok,61,0,1
HDB 4 Rooms,318000,Jurong West,106,1,1
HDB 5 Rooms,520000,Bedok,117,1,1
HDB 3 Rooms,365000,Bedok,82,1,1
HDB 4 Rooms,435000,Sengkang,92,0,1
HDB 4 Rooms,850000,Clementi,81,1,0
HDB 3 Rooms,380000,Queenstown,59,0,1
HDB 5 Rooms,728000,Bukit Merah,121,1,0
HDB 5 Rooms,875000,Bishan,120,0,1
HDB 4 Rooms,535000,Pasir Ris,93,1,1
HDB 5 Rooms,490000,Pasir Ris,127,1,1
HDB 4 Rooms,388888,Yishun,93,1,1
HDB Executive,565000,Hougang,137,1,1
HDB 3 Rooms,390000,Marine Parade,65,0,1
HDB Executive,719000,Bukit Batok,144,0,1
HDB 4 Rooms,530000,Serangoon,93,1,1
HDB 4 Rooms,530000,Punggol,93,0,0
HDB 5 Rooms,650000,Bukit Merah,122,1,0
HDB 5 Rooms,968000,Bukit Merah,110,0,0
HDB 5 Rooms,415000,Woodlands,120,1,0
HDB Executive,650000,Jurong East,141,0,0
HDB 5 Rooms,518000,Punggol,111,1,1
HDB 3 Rooms,288000,Bedok,65,0,0
HDB 4 Rooms,530000,Hougang,118,1,0
HDB Jumbo,780000,Tampines,132,0,1
HDB 5 Rooms,540000,Tampines,122,1,0
HDB 5 Rooms,459000,Bukit Panjang,110,1,1
HDB Executive,640000,Tampines,148,1,1
HDB 5 Rooms,550000,Yishun,112,0,0
HDB 4 Rooms,680000,Bukit Merah,91,0,0
HDB 4 Rooms,485000,Bukit Panjang,93,0,1
HDB 3 Rooms,295000,Ang Mo Kio,67,0,1
HDB Executive,760000,Tampines,142,1,1
HDB 3 Rooms,348000,Tampines,74,0,0
HDB 5 Rooms,459000,Woodlands,125,1,0
HDB 4 Rooms,360000,Clementi,91,1,0
HDB Executive,660000,Hougang,149,0,1
HDB 3 Rooms,388000,Punggol,67,0,0
HDB 4 Rooms,525000,Pasir Ris,93,1,1
HDB 5 Rooms,488000,Pasir Ris,127,1,0
HDB 5 Rooms,568000,Yishun,117,1,1
HDB 4 Rooms,420000,Tampines,103,0,1
HDB Executive,828000,Serangoon,146,0,0
HDB 3 Rooms,345000,Kallang/Whampoa,67,0,1
HDB 5 Rooms,819000,Tampines,142,0,1
HDB 4 Rooms,388000,Yishun,99,1,1
HDB 4 Rooms,655000,Clementi,91,1,1
HDB 3 Rooms,350000,Queenstown,60,0,1
HDB 4 Rooms,459000,Bukit Panjang,92,0,1
HDB 5 Rooms,458000,Sembawang,110,1,0
HDB 3 Rooms,580000,Clementi,60,0,0
HDB 4 Rooms,499999,Jurong East,87,1,1
HDB Executive,750000,Tampines,144,1,1
HDB 5 Rooms,530000,Yishun,112,1,1
HDB Executive,810000,Tampines,146,0,0
HDB 4 Rooms,420000,Punggol,95,1,1
HDB 4 Rooms,548000,Toa Payoh,110,1,0
HDB 5 Rooms,839000,Bishan,123,1,0
HDB Executive,590000,Choa Chu Kang,143,1,0
HDB 3 Rooms,388000,Kallang/Whampoa,66,0,0
HDB 3 Rooms,293000,Bedok,68,0,1
HDB 3 Rooms,335000,Bedok,68,0,0
HDB 5 Rooms,680000,Bukit Panjang,110,1,0
HDB 4 Rooms,435000,Tampines,104,0,0
HDB 5 Rooms,738888,Tampines,108,1,1
HDB 4 Rooms,560000,Pasir Ris,93,1,1
HDB 5 Rooms,900000,Bishan,136,1,0
HDB 3 Rooms,288000,Bedok,65,0,0
HDB 4 Rooms,428888,Bukit Panjang,93,1,1
HDB 4 Rooms,355000,Bukit Panjang,103,0,1
HDB 4 Rooms,370000,Jurong West,91,0,1
HDB 3 Rooms,248000,Woodlands,74,0,0
HDB Executive,548000,Bukit Panjang,130,0,1
HDB 5 Rooms,790000,Bukit Merah,110,1,1
HDB 3 Rooms,340000,Tampines,74,0,1
HDB 3 Rooms,438000,Serangoon,64,0,1
HDB 5 Rooms,749800,Hougang,112,1,0
HDB 5 Rooms,880000,Marine Parade,119,1,0
HDB Executive,640000,Tampines,148,1,1
HDB 4 Rooms,485000,Bukit Panjang,93,0,1
HDB 5 Rooms,480000,Woodlands,124,1,1
HDB 4 Rooms,450000,Toa Payoh,104,0,0
HDB 4 Rooms,420000,Tampines,103,0,1
HDB Executive,680000,Tampines,146,0,0
HDB 5 Rooms,450000,Jurong West,110,1,0
HDB 4 Rooms,525000,Pasir Ris,93,1,1
HDB 4 Rooms,400000,Jurong East,98,0,1
HDB 3 Rooms,280000,Toa Payoh,65,0,1
HDB 4 Rooms,488000,Tampines,104,0,1
HDB 4 Rooms,445000,Jurong East,101,1,1
HDB 5 Rooms,758000,Bedok,105,1,1
HDB 4 Rooms,570000,Jurong West,89,1,1
HDB 5 Rooms,550000,Sengkang,113,1,1
HDB 5 Rooms,730000,Clementi,117,1,1
HDB 4 Rooms,378000,Yishun,104,0,0
HDB 5 Rooms,499000,Tampines,127,1,0
HDB 3 Rooms,440000,Tampines,67,0,1
HDB 5 Rooms,488000,Ang Mo Kio,121,1,1
HDB 2 Rooms,360000,Clementi,49,0,0
HDB 4 Rooms,489000,Punggol,92,1,1
HDB 3 Rooms,319000,Bedok,68,0,1
HDB 5 Rooms,610000,Hougang,125,1,0
HDB 3 Rooms,440000,Queenstown,72,1,1
HDB 4 Rooms,560000,Bukit Merah,85,1,1
HDB 3 Rooms,248888,Geylang,58,1,0
HDB 5 Rooms,455000,Sengkang,122,1,1
HDB 4 Rooms,525000,Pasir Ris,93,1,1
HDB 3 Rooms,350000,Ang Mo Kio,75,0,1
HDB 3 Rooms,338888,Tampines,74,0,0
HDB 5 Rooms,548000,Sengkang,111,1,1
HDB 5 Rooms,600000,Sengkang,113,1,0
HDB 4 Rooms,800000,Bukit Merah,91,0,1
HDB 4 Rooms,480000,Jurong West,112,0,0
HDB 4 Rooms,330000,Sembawang,95,0,0
HDB Executive,450000,Bukit Panjang,130,1,1
HDB 3 Rooms,415000,Geylang,82,1,0
HDB 5 Rooms,520000,Sengkang,123,0,1
HDB 5 Rooms,428000,Jurong West,132,1,1
HDB Jumbo,860000,Bishan,134,0,1
HDB 5 Rooms,668000,Bishan,123,1,0
HDB 4 Rooms,420000,Punggol,95,1,1
HDB 3 Rooms,350000,Punggol,68,1,1
HDB 4 Rooms,445000,Jurong East,101,1,1
HDB 5 Rooms,500000,Tampines,121,1,1
HDB 4 Rooms,729000,Geylang,102,0,1
HDB 4 Rooms,498800,Clementi,92,1,1
HDB 4 Rooms,450000,Hougang,93,0,0
HDB 5 Rooms,800000,Marine Parade,120,0,0
HDB 4 Rooms,578000,Pasir Ris,93,1,1
HDB 5 Rooms,480000,Yishun,111,0,0
HDB 3 Rooms,288888,Bukit Batok,73,1,1
HDB 4 Rooms,510000,Pasir Ris,93,1,0
HDB 5 Rooms,777000,Queenstown,117,1,1
HDB 3 Rooms,458000,Yishun,67,0,0
HDB 5 Rooms,688000,Bedok,117,1,1
HDB 3 Rooms,320000,Geylang,59,0,1
HDB 4 Rooms,488000,Punggol,92,0,1
HDB 5 Rooms,415000,Choa Chu Kang,119,0,0
HDB 3 Rooms,360000,Clementi,67,0,0
HDB 4 Rooms,538000,Bishan,102,0,0
HDB 5 Rooms,565000,Bukit Batok,118,0,0
HDB 5 Rooms,400000,Yishun,122,1,0
HDB Executive,685000,Geylang,146,0,0
HDB 5 Rooms,400000,Punggol,110,1,1
HDB 5 Rooms,780000,Toa Payoh,143,1,0
HDB 5 Rooms,725000,Tampines,113,1,0
HDB 4 Rooms,420000,Sengkang,95,0,0
HDB 4 Rooms,499999,Jurong East,87,1,1
HDB 5 Rooms,595000,Bedok,118,1,0
HDB 4 Rooms,453000,Punggol,92,1,1
HDB 5 Rooms,435688,Choa Chu Kang,125,1,1
HDB 5 Rooms,900000,Hougang,109,1,1
HDB 4 Rooms,450000,Pasir Ris,105,1,1
HDB 5 Rooms,549999,Tampines,132,1,1
HDB 4 Rooms,400000,Bedok,92,1,0
HDB Executive,730000,Tampines,146,0,1
HDB 4 Rooms,438000,Sembawang,92,0,0
HDB 4 Rooms,320000,Yishun,85,1,1
HDB 5 Rooms,968000,Bukit Merah,110,0,0
HDB 4 Rooms,515000,Serangoon,83,0,1
HDB 5 Rooms,468000,Choa Chu Kang,132,1,0
HDB 4 Rooms,435000,Sengkang,93,1,1
HDB 5 Rooms,499999,Kallang/Whampoa,118,1,1
HDB 4 Rooms,350000,Punggol,91,0,0
HDB 4 Rooms,460000,Tampines,100,1,0
HDB 3 Rooms,450000,Punggol,67,1,1
HDB 5 Rooms,408000,Sengkang,120,1,0
HDB 3 Rooms,330000,Kallang/Whampoa,68,0,0
HDB Executive,730000,Bedok,144,0,0
HDB 4 Rooms,395000,Geylang,88,0,0
HDB 5 Rooms,490000,Bukit Batok,121,0,0
HDB 4 Rooms,478000,Tampines,103,1,0
HDB 5 Rooms,690000,Punggol,112,0,1
HDB Executive,725000,Tampines,144,1,1
HDB Executive,578000,Woodlands,141,1,0
HDB 4 Rooms,450000,Sengkang,95,1,1
HDB 4 Rooms,818888,Bukit Merah,91,1,1
HDB 5 Rooms,528000,Bukit Panjang,110,0,0
HDB 4 Rooms,499000,Clementi,92,1,1
HDB 4 Rooms,360000,Bedok,84,1,1
HDB 4 Rooms,588000,Geylang,108,1,1
HDB 3 Rooms,385000,Marine Parade,76,1,0
HDB 5 Rooms,738000,Serangoon,115,1,0
HDB 5 Rooms,468000,Hougang,115,1,1
HDB 4 Rooms,495000,Hougang,104,1,1
HDB 4 Rooms,720000,Bukit Merah,90,0,0
HDB 3 Rooms,460000,Marine Parade,73,1,0
HDB 4 Rooms,630000,Geylang,91,0,1
HDB 5 Rooms,999999,Bukit Merah,107,1,1
HDB 4 Rooms,399000,Geylang,91,0,0
HDB 4 Rooms,550000,Tampines,93,0,0
HDB 3 Rooms,245000,Geylang,56,0,0
HDB 5 Rooms,480000,Sengkang,110,1,1
HDB 4 Rooms,299000,Choa Chu Kang,91,0,0
HDB 4 Rooms,470000,Serangoon,91,1,0
HDB 5 Rooms,458000,Sembawang,110,1,0
HDB 4 Rooms,550000,Punggol,92,0,1
HDB 4 Rooms,450000,Tampines,92,0,0
HDB 4 Rooms,360000,Bedok,92,1,0
HDB 3 Rooms,380000,Sengkang,68,1,1
HDB 5 Rooms,499000,Yishun,112,1,1
HDB 4 Rooms,468000,Serangoon,93,0,1
HDB 5 Rooms,560000,Sengkang,113,1,1
HDB 5 Rooms,588000,Yishun,112,0,1
HDB 3 Rooms,460000,Marine Parade,73,1,0
HDB 3 Rooms,330000,Queenstown,66,0,1
HDB 4 Rooms,665000,Bukit Timah,104,1,1
HDB 5 Rooms,340000,Woodlands,110,1,0
HDB 4 Rooms,870000,Queenstown,87,1,1
HDB 3 Rooms,515000,Hougang,67,1,1
HDB 4 Rooms,710000,Bedok,87,1,1
HDB 3 Rooms,399000,Tampines,67,0,0
HDB 4 Rooms,330000,Yishun,104,0,1
HDB 3 Rooms,492000,Marine Parade,79,1,0
HDB 4 Rooms,308000,Jurong West,107,0,0
HDB 4 Rooms,350000,Yishun,95,0,1
HDB 4 Rooms,400000,Bedok,94,0,0
HDB 4 Rooms,499000,Punggol,93,0,1
HDB 3 Rooms,385000,Punggol,67,0,1
HDB 4 Rooms,650000,Bedok,92,1,1
HDB 5 Rooms,688000,Geylang,118,1,1
HDB 5 Rooms,490000,Sengkang,121,1,1
HDB 5 Rooms,658000,Punggol,112,0,0
HDB 5 Rooms,428000,Bedok,121,0,1
HDB 4 Rooms,488000,Bukit Panjang,92,1,1
HDB 4 Rooms,388000,Bedok,92,0,0
HDB Executive,938000,Bishan,146,0,0
HDB 3 Rooms,362000,Geylang,65,0,0
HDB 4 Rooms,440000,Hougang,103,0,1
HDB 4 Rooms,580000,Pasir Ris,93,1,0
HDB 3 Rooms,330000,Tampines,74,0,1
HDB 3 Rooms,300000,Bedok,67,0,0
HDB 5 Rooms,450000,Jurong West,110,1,0
HDB 5 Rooms,418000,Jurong West,110,1,0
HDB 3 Rooms,275000,Queenstown,66,0,0
HDB 5 Rooms,999999,Toa Payoh,110,0,1
HDB 4 Rooms,498800,Clementi,92,1,1
HDB 3 Rooms,260000,Toa Payoh,67,0,1
HDB 4 Rooms,578000,Bishan,102,1,1
HDB 3 Rooms,320000,Hougang,67,0,0
HDB 5 Rooms,495000,Bukit Panjang,123,1,0
HDB 4 Rooms,420000,Hougang,93,1,1
HDB 4 Rooms,450000,Hougang,93,0,0
HDB 4 Rooms,300000,Woodlands,102,0,0
HDB 5 Rooms,530000,Hougang,118,1,0
HDB 4 Rooms,433000,Sengkang,93,1,1
HDB 5 Rooms,395000,Choa Chu Kang,129,0,0
HDB 4 Rooms,435000,Ang Mo Kio,91,0,0
HDB 5 Rooms,520000,Tampines,124,1,0
HDB 5 Rooms,420000,Choa Chu Kang,121,1,0
HDB 5 Rooms,768888,Kallang/Whampoa,110,0,0
HDB 4 Rooms,630000,Bukit Merah,93,1,0
HDB 3 Rooms,318000,Ang Mo Kio,67,0,0
HDB 3 Rooms,265000,Jurong West,74,0,0
HDB 5 Rooms,550000,Tampines,126,1,1
HDB 3 Rooms,430000,Toa Payoh,74,0,0
HDB 4 Rooms,570000,Ang Mo Kio,91,1,1
HDB 4 Rooms,720000,Bedok,86,1,0
HDB 4 Rooms,380000,Yishun,104,1,0
HDB 4 Rooms,450000,Bishan,93,0,0
HDB 4 Rooms,628888,Kallang/Whampoa,92,1,1
HDB Executive,530000,Bukit Panjang,144,0,0
HDB 4 Rooms,495000,Punggol,93,0,0
HDB 5 Rooms,330000,Woodlands,115,1,0
HDB 5 Rooms,515000,Choa Chu Kang,113,0,1
HDB Executive,900000,Serangoon,151,0,0
HDB 5 Rooms,500000,Bedok,128,0,1
HDB 3 Rooms,270000,Yishun,64,0,1
HDB 5 Rooms,460000,Sengkang,122,0,0
HDB 5 Rooms,407888,Sengkang,110,1,1
HDB 5 Rooms,550000,Jurong West,112,0,0
HDB 5 Rooms,440000,Woodlands,134,0,1
HDB 4 Rooms,460000,Punggol,93,1,1
HDB 5 Rooms,480000,Jurong East,133,1,0
HDB 4 Rooms,300000,Yishun,84,0,0
HDB 3 Rooms,299000,Hougang,60,1,0
HDB 4 Rooms,420000,Tampines,104,0,0
HDB 4 Rooms,470000,Kallang/Whampoa,94,1,0
HDB 4 Rooms,580000,Bishan,105,0,0
HDB 5 Rooms,550000,Yishun,113,1,1
HDB 4 Rooms,405000,Tampines,91,0,0
HDB 5 Rooms,500000,Sengkang,111,0,0
HDB 4 Rooms,488000,Sengkang,95,1,0
HDB Jumbo,888000,Jurong West,148,0,1
HDB 5 Rooms,750000,Toa Payoh,143,1,1
HDB 4 Rooms,568000,Bukit Merah,87,0,0
HDB 5 Rooms,580000,Tampines,127,1,0
HDB 4 Rooms,468000,Bukit Panjang,92,0,0
HDB 5 Rooms,450000,Sengkang,110,1,0
HDB 4 Rooms,580000,Tampines,93,1,1
HDB 2 Rooms,199000,Toa Payoh,43,0,0
HDB Executive,660000,Sengkang,133,1,1
HDB 5 Rooms,565000,Toa Payoh,132,1,0
HDB Executive,530000,Punggol,128,0,0
HDB 5 Rooms,790000,Tampines,122,1,1
HDB Executive,700000,Tampines,146,0,0
HDB 3 Rooms,230000,Kallang/Whampoa,56,0,0
HDB Executive,920000,Tampines,149,0,0
HDB 5 Rooms,698000,Ang Mo Kio,127,1,0
HDB 5 Rooms,888000,Bukit Timah,122,1,1
HDB 4 Rooms,425000,Sengkang,92,0,1
HDB 3 Rooms,338001,Punggol,70,0,1
HDB 3 Rooms,278000,Yishun,64,0,1
HDB 4 Rooms,400000,Ang Mo Kio,93,1,0
HDB Executive,680000,Woodlands,170,0,1
HDB 5 Rooms,528000,Choa Chu Kang,124,1,0
HDB 4 Rooms,370000,Woodlands,102,1,1
HDB 4 Rooms,680000,Bukit Merah,91,0,0
HDB 4 Rooms,410000,Sengkang,93,1,0
HDB 5 Rooms,598000,Ang Mo Kio,120,0,0
HDB 3 Rooms,248000,Woodlands,74,0,0
HDB 4 Rooms,360000,Jurong West,111,0,1
HDB 4 Rooms,592888,Bukit Merah,104,0,1
HDB 4 Rooms,468000,Ang Mo Kio,91,1,1
HDB 5 Rooms,490000,Bukit Batok,121,0,0
HDB 4 Rooms,460000,Pasir Ris,104,0,1
HDB 4 Rooms,310000,Choa Chu Kang,90,0,1
HDB 3 Rooms,335000,Tampines,74,1,0
HDB 5 Rooms,560000,Sengkang,120,0,1
HDB 3 Rooms,350000,Central Area,65,0,1
HDB 3 Rooms,488000,Jurong East,126,1,0
HDB 5 Rooms,837777,Bukit Merah,110,0,1
HDB 5 Rooms,560000,Pasir Ris,122,1,1
HDB 4 Rooms,435000,Sengkang,93,1,1
HDB 5 Rooms,838000,Bishan,135,1,1
HDB 5 Rooms,850000,Hougang,108,0,1
HDB 5 Rooms,548000,Jurong West,120,1,1
HDB 5 Rooms,528000,Bukit Panjang,110,0,1
HDB 5 Rooms,838000,Bishan,134,1,0
HDB 4 Rooms,380000,Jurong West,103,0,0
HDB Executive,700000,Bedok,150,1,0
HDB Executive,648000,Woodlands,163,1,1
HDB 5 Rooms,550000,Woodlands,124,0,0
HDB 4 Rooms,460000,Tampines,100,1,0
HDB 3 Rooms,400000,Ang Mo Kio,70,0,1
HDB 5 Rooms,838000,Bishan,134,1,0
HDB 5 Rooms,580000,Kallang/Whampoa,117,0,0
HDB 4 Rooms,485000,Jurong East,100,0,0
HDB 5 Rooms,610000,Sengkang,112,0,0
HDB Executive,545000,Pasir Ris,147,1,0
HDB Executive,548000,Bukit Panjang,130,0,0
HDB 4 Rooms,388000,Hougang,108,0,0
HDB 5 Rooms,885000,Bukit Merah,110,1,0
HDB 4 Rooms,479000,Sengkang,92,1,1
HDB 4 Rooms,980000,Toa Payoh,91,0,1
HDB 3 Rooms,293000,Bedok,68,0,1
HDB 5 Rooms,738000,Geylang,137,1,0
HDB 5 Rooms,528888,Choa Chu Kang,113,1,1
HDB 5 Rooms,620000,Punggol,113,1,1
HDB 4 Rooms,360000,Bedok,92,1,0
HDB 4 Rooms,499999,Sengkang,92,1,1
HDB 3 Rooms,225000,Jurong West,59,0,0
HDB 4 Rooms,430000,Choa Chu Kang,113,0,0
HDB 4 Rooms,430000,Sengkang,92,1,1
HDB 5 Rooms,348000,Choa Chu Kang,110,1,1
HDB 5 Rooms,468000,Hougang,115,1,1
HDB 4 Rooms,368000,Bedok,84,0,0
HDB 3 Rooms,300000,Bedok,67,0,0
HDB Executive,955000,Bishan,187,0,0
HDB 4 Rooms,538000,Punggol,93,1,0
HDB 5 Rooms,399000,Jurong West,123,0,0
HDB 5 Rooms,725000,Toa Payoh,120,1,0
HDB 3 Rooms,399000,Tampines,67,0,0
HDB Executive,560000,Jurong West,125,0,1
HDB 4 Rooms,308000,Jurong West,107,0,0
HDB 5 Rooms,518000,Sengkang,123,1,1
HDB 5 Rooms,430000,Jurong West,110,0,1
HDB 4 Rooms,630000,Serangoon,103,0,1
HDB 4 Rooms,480000,Clementi,92,0,1
HDB 4 Rooms,720000,Geylang,106,1,1
HDB 4 Rooms,520000,Sengkang,92,1,1
HDB 4 Rooms,440000,Jurong East,89,0,1
HDB 3 Rooms,275000,Queenstown,60,0,0
HDB 4 Rooms,490000,Punggol,96,0,0
HDB 5 Rooms,480000,Ang Mo Kio,119,1,0
HDB Executive,770000,Tampines,146,0,0
HDB 3 Rooms,265000,Jurong West,74,0,0
HDB 4 Rooms,508000,Pasir Ris,92,0,1
HDB 4 Rooms,330000,Jurong West,103,1,0
HDB 5 Rooms,498000,Bedok,117,0,1
HDB 3 Rooms,330000,Bedok,60,0,1
HDB 4 Rooms,500000,Bukit Panjang,93,1,1
HDB 5 Rooms,438000,Choa Chu Kang,124,1,1
HDB 5 Rooms,469000,Hougang,121,0,0
HDB 3 Rooms,260000,Toa Payoh,67,0,1
HDB 4 Rooms,385000,Yishun,93,0,1
HDB 5 Rooms,420000,Sengkang,112,0,0
HDB 3 Rooms,570000,Clementi,60,0,1
HDB 4 Rooms,380000,Ang Mo Kio,91,1,0
HDB 3 Rooms,320000,Bedok,82,0,0
HDB Executive,810000,Tampines,146,0,0
HDB 4 Rooms,390000,Bedok,92,1,0
HDB 5 Rooms,608000,Queenstown,123,0,0
HDB 5 Rooms,685000,Punggol,112,1,1
HDB 3 Rooms,380000,Punggol,65,1,1
HDB 4 Rooms,450000,Punggol,92,1,1
HDB 4 Rooms,395000,Yishun,94,0,1
HDB 5 Rooms,600000,Ang Mo Kio,121,1,0
HDB 4 Rooms,350000,Jurong West,106,1,0
HDB 5 Rooms,480000,Choa Chu Kang,127,1,0
HDB 4 Rooms,433000,Sengkang,93,1,1
HDB 5 Rooms,450000,Sengkang,110,1,0
HDB Executive,740000,Tampines,149,1,0
HDB 3 Rooms,240000,Toa Payoh,67,0,0
HDB 4 Rooms,538888,Bedok,92,1,1
HDB 4 Rooms,608500,Pasir Ris,86,1,1
HDB Executive,618000,Tampines,147,1,1
HDB 4 Rooms,950000,Kallang/Whampoa,127,0,0
HDB 4 Rooms,360000,Ang Mo Kio,92,0,0
HDB 4 Rooms,470000,Serangoon,91,1,0
HDB 5 Rooms,645000,Tampines,112,1,1
HDB 4 Rooms,480000,Jurong West,112,0,0
HDB 5 Rooms,878000,Queenstown,110,1,0
HDB 4 Rooms,390000,Ang Mo Kio,92,1,0
HDB 5 Rooms,395000,Choa Chu Kang,129,0,0
HDB 5 Rooms,600000,Ang Mo Kio,121,1,0
HDB 4 Rooms,720000,Queenstown,95,1,1
HDB 5 Rooms,630000,Kallang/Whampoa,118,1,0
HDB 5 Rooms,498000,Bedok,117,0,1
HDB 3 Rooms,280000,Queenstown,60,0,1
HDB 3 Rooms,260000,Toa Payoh,67,0,1
HDB 4 Rooms,578000,Bishan,102,1,1
HDB 5 Rooms,495000,Bukit Panjang,123,1,0
HDB Executive,628000,Pasir Ris,150,0,1
HDB 5 Rooms,730000,Clementi,117,1,1
HDB 3 Rooms,290000,Ang Mo Kio,67,0,0
HDB 5 Rooms,440000,Woodlands,122,1,0
HDB 4 Rooms,385000,Yishun,93,0,1
HDB 4 Rooms,420000,Bukit Panjang,101,1,1
HDB 2 Rooms,230000,Geylang,56,0,0
HDB 4 Rooms,720000,Queenstown,96,0,0
HDB 3 Rooms,295000,Yishun,67,0,1
HDB 4 Rooms,488000,Sengkang,93,1,1
HDB 3 Rooms,450000,Punggol,67,1,1
HDB 4 Rooms,460000,Toa Payoh,104,0,0
HDB 5 Rooms,499000,Pasir Ris,138,0,0
HDB 4 Rooms,450000,Ang Mo Kio,97,0,1
HDB 4 Rooms,588000,Pasir Ris,93,1,1
HDB 5 Rooms,480000,Jurong East,110,1,0
HDB 4 Rooms,438000,Pasir Ris,103,0,0
HDB 3 Rooms,340000,Queenstown,65,0,0
HDB 3 Rooms,250000,Ang Mo Kio,67,0,0
HDB 4 Rooms,326800,Yishun,92,0,1
HDB 5 Rooms,820000,Queenstown,110,1,0
HDB Executive,550000,Choa Chu Kang,144,1,1
HDB 3 Rooms,380000,Tampines,74,0,0
HDB 4 Rooms,340000,Choa Chu Kang,101,1,0
HDB Jumbo,600000,Bedok,129,0,0
HDB 5 Rooms,840000,Bukit Merah,110,1,1
HDB Executive,635000,Jurong West,151,0,1
HDB 4 Rooms,768000,Bedok,87,1,1
HDB 5 Rooms,490000,Sengkang,110,1,1
HDB 4 Rooms,620000,Yishun,92,0,0
HDB 4 Rooms,400000,Toa Payoh,81,0,0
HDB 4 Rooms,500000,Bukit Panjang,91,1,1
HDB 4 Rooms,438000,Yishun,92,0,1
HDB 4 Rooms,560000,Punggol,97,1,1
HDB 3 Rooms,270000,Geylang,63,1,1
HDB 4 Rooms,430000,Tampines,103,0,0
HDB 4 Rooms,375000,Jurong West,109,0,1
HDB Executive,635000,Hougang,140,0,0
HDB Executive,688000,Bukit Batok,141,1,0
HDB 5 Rooms,625000,Jurong East,123,1,0
HDB 5 Rooms,485000,Yishun,127,1,0
HDB 3 Rooms,285000,Jurong East,67,1,0
HDB 4 Rooms,300000,Yishun,84,0,0
HDB 4 Rooms,530000,Punggol,96,1,1
HDB 4 Rooms,650000,Hougang,92,1,1
HDB 5 Rooms,888000,Bukit Timah,122,1,1
HDB 4 Rooms,660000,Serangoon,103,0,1
HDB 4 Rooms,368000,Yishun,92,0,0
HDB 4 Rooms,362888,Woodlands,101,0,0
HDB 3 Rooms,260000,Woodlands,69,0,0
HDB 5 Rooms,438000,Sengkang,115,1,1
HDB 5 Rooms,420000,Woodlands,110,1,1
HDB 3 Rooms,300000,Bukit Merah,65,0,1
HDB 4 Rooms,369999,Woodlands,100,0,0
HDB 4 Rooms,338000,Choa Chu Kang,90,0,0
HDB 3 Rooms,370000,Kallang/Whampoa,68,0,0
HDB 5 Rooms,590000,Sengkang,113,0,0
HDB 4 Rooms,460000,Serangoon,104,0,0
HDB 4 Rooms,420000,Ang Mo Kio,91,1,0
HDB 5 Rooms,480000,Woodlands,124,1,1
HDB Executive,900000,Bishan,150,0,0
HDB 4 Rooms,318000,Jurong West,105,1,0
HDB 5 Rooms,488000,Jurong West,110,0,1
HDB 3 Rooms,310000,Kallang/Whampoa,67,0,1
HDB 4 Rooms,560000,Serangoon,84,0,0
HDB Executive,650000,Woodlands,143,0,1
HDB 5 Rooms,400000,Yishun,122,1,0
HDB 5 Rooms,435688,Choa Chu Kang,125,1,1
HDB 5 Rooms,488000,Jurong West,110,0,1
HDB 5 Rooms,668888,Punggol,113,0,1
HDB Executive,618000,Jurong West,133,0,0
HDB 5 Rooms,980000,Bukit Merah,110,0,1
HDB 4 Rooms,405000,Bishan,84,1,0
HDB 5 Rooms,390000,Choa Chu Kang,110,1,1
HDB 3 Rooms,325000,Tampines,74,0,0
HDB 5 Rooms,520000,Pasir Ris,122,1,1
HDB 4 Rooms,488000,Tampines,103,0,0
HDB 4 Rooms,303888,Yishun,84,0,1
HDB 4 Rooms,428000,Sengkang,90,0,0
HDB 4 Rooms,520000,Bishan,105,1,1
HDB 4 Rooms,368000,Bedok,84,0,0
HDB 4 Rooms,440000,Jurong East,94,1,1
HDB 5 Rooms,640000,Jurong East,120,1,1
HDB 5 Rooms,690000,Sengkang,112,0,1
HDB 4 Rooms,355000,Yishun,104,1,1
HDB 3 Rooms,280000,Serangoon,60,0,1
HDB 3 Rooms,330000,Toa Payoh,65,0,1
HDB 5 Rooms,528888,Choa Chu Kang,113,1,1
HDB 4 Rooms,550000,Punggol,93,0,0
HDB 4 Rooms,568000,Tampines,113,1,1
HDB 2 Rooms,290000,Jurong East,44,0,1
HDB 4 Rooms,410000,Sembawang,92,1,1
HDB 3 Rooms,228000,Kallang/Whampoa,56,1,1
HDB 5 Rooms,770000,Marine Parade,120,1,1
HDB 4 Rooms,448000,Tampines,104,0,1
HDB 4 Rooms,418000,Jurong West,90,1,1
HDB 3 Rooms,238000,Geylang,59,0,0
HDB 4 Rooms,535000,Bishan,84,0,0
HDB 5 Rooms,550000,Yishun,112,0,0
HDB 5 Rooms,582000,Sengkang,113,1,1
HDB 5 Rooms,490000,Choa Chu Kang,123,0,0
HDB 5 Rooms,420000,Sengkang,112,0,0
HDB 4 Rooms,428000,Tampines,103,0,0
HDB 3 Rooms,330000,Jurong East,68,0,0
HDB 3 Rooms,300000,Bedok,67,0,0
HDB 4 Rooms,399000,Tampines,104,0,0
HDB 3 Rooms,350000,Kallang/Whampoa,68,0,0
HDB 4 Rooms,700000,Ang Mo Kio,90,0,0
HDB 5 Rooms,610000,Punggol,111,1,1
HDB 4 Rooms,360000,Sengkang,90,0,0
HDB 5 Rooms,630000,Bedok,115,0,0
HDB 4 Rooms,488000,Geylang,96,0,0
HDB 3 Rooms,390000,Central Area,68,0,1
HDB 4 Rooms,800000,Bukit Merah,91,0,1
HDB 4 Rooms,499000,Punggol,93,0,1
HDB 4 Rooms,420000,Yishun,92,1,1
HDB 4 Rooms,368000,Bedok,93,1,0
HDB 4 Rooms,520000,Sengkang,90,0,0
HDB 3 Rooms,258000,Toa Payoh,76,0,0
HDB 4 Rooms,525000,Pasir Ris,93,1,1
HDB 4 Rooms,430000,Sengkang,93,0,1
HDB 5 Rooms,488000,Pasir Ris,127,1,0
HDB 4 Rooms,580000,Yishun,92,1,0
HDB 5 Rooms,980000,Bukit Merah,110,0,0
HDB 5 Rooms,765000,Bedok,121,0,1
HDB 4 Rooms,780000,Bukit Merah,100,0,0
HDB 3 Rooms,380000,Geylang,67,0,0
HDB 3 Rooms,330000,Tampines,74,0,1
HDB 5 Rooms,550000,Jurong West,115,1,1
HDB Executive,695000,Hougang,148,0,1
HDB 3 Rooms,288000,Ang Mo Kio,60,0,0
HDB 4 Rooms,360000,Bedok,89,0,0
HDB 3 Rooms,460000,Marine Parade,65,0,0
HDB 4 Rooms,710000,Bedok,87,1,1
HDB 5 Rooms,518000,Yishun,112,1,1
HDB 5 Rooms,499000,Yishun,112,1,1
HDB 3 Rooms,492000,Marine Parade,79,1,0
HDB 5 Rooms,728000,Jurong West,105,1,1
HDB 4 Rooms,368000,Bedok,83,0,0
HDB 5 Rooms,630000,Bedok,115,0,0
HDB 3 Rooms,258000,Clementi,67,0,0
HDB 4 Rooms,460000,Punggol,92,1,0
HDB Executive,565000,Jurong West,139,1,1
HDB 4 Rooms,425000,Tampines,104,0,0
HDB Executive,638000,Hougang,148,0,0
HDB 3 Rooms,513000,Tampines,62,1,0
HDB 5 Rooms,490000,Bedok,118,0,0
HDB 4 Rooms,430000,Woodlands,104,0,0
HDB 5 Rooms,598000,Ang Mo Kio,118,1,0
HDB 5 Rooms,598000,Bedok,123,0,1
HDB 5 Rooms,498000,Yishun,122,0,0
HDB 4 Rooms,398000,Jurong West,106,0,0
HDB 5 Rooms,580000,Kallang/Whampoa,117,0,0
HDB 5 Rooms,510000,Tampines,133,1,1
HDB 5 Rooms,490000,Sengkang,110,1,1
HDB 4 Rooms,436888,Clementi,92,0,0
HDB 3 Rooms,915000,Queenstown,87,1,1
HDB 4 Rooms,395000,Bedok,84,0,1
HDB 4 Rooms,498000,Clementi,91,0,1
HDB 4 Rooms,620000,Bishan,104,0,0
HDB Jumbo,888000,Jurong West,148,0,1
HDB 5 Rooms,550000,Jurong West,113,1,1
HDB 4 Rooms,600000,Bishan,104,1,1
HDB 5 Rooms,475000,Pasir Ris,123,1,0
HDB 4 Rooms,398000,Bukit Batok,103,1,1
HDB 5 Rooms,585000,Tampines,120,1,1
HDB 4 Rooms,336800,Sembawang,102,1,0
HDB 5 Rooms,1135000,Bukit Merah,105,1,1
HDB 3 Rooms,280000,Clementi,67,0,1
HDB 4 Rooms,660000,Bukit Batok,110,1,1
HDB 4 Rooms,592888,Bukit Merah,104,0,1
HDB 3 Rooms,288000,Yishun,68,0,1
HDB 4 Rooms,488000,Bedok,104,1,1
HDB 5 Rooms,560000,Bukit Batok,132,0,1
HDB Executive,880000,Toa Payoh,161,1,0
HDB 3 Rooms,260000,Geylang,56,0,0
HDB 4 Rooms,438000,Hougang,106,0,0
HDB 5 Rooms,525000,Pasir Ris,123,1,1
HDB 4 Rooms,370000,Jurong West,91,0,1
HDB 4 Rooms,568000,Tampines,93,1,1
HDB 3 Rooms,390000,Bukit Merah,69,0,0
HDB 3 Rooms,365000,Queenstown,65,0,1
HDB 5 Rooms,900000,Bishan,136,1,0
HDB 4 Rooms,360000,Bedok,84,1,0
HDB Executive,750000,Tampines,146,0,1
HDB 3 Rooms,280000,Jurong East,68,0,1
HDB 5 Rooms,565000,Toa Payoh,132,1,0
HDB Executive,800000,Geylang,150,0,1
HDB Executive,868000,Tampines,146,0,0
HDB 3 Rooms,300000,Hougang,66,1,1
HDB 4 Rooms,399000,Serangoon,103,1,0
HDB 5 Rooms,500000,Yishun,112,1,1
HDB 5 Rooms,550000,Bedok,120,1,0
HDB 5 Rooms,355000,Woodlands,115,1,0
HDB 3 Rooms,260000,Geylang,60,0,0
HDB 3 Rooms,350000,Sengkang,67,1,0
HDB 5 Rooms,599688,Bukit Panjang,120,1,1
HDB 4 Rooms,448888,Sengkang,92,0,1
HDB 4 Rooms,439000,Jurong East,87,0,1
HDB 4 Rooms,630000,Tampines,83,1,0
HDB 5 Rooms,488888,Pasir Ris,136,0,0
HDB 3 Rooms,388000,Pasir Ris,68,0,1
HDB Executive,800000,Clementi,146,0,0
HDB 3 Rooms,260000,Hougang,64,0,1
HDB 5 Rooms,590000,Sengkang,112,1,1
HDB Executive,630000,Pasir Ris,143,1,0
HDB 3 Rooms,750000,Queenstown,65,1,0
HDB 5 Rooms,598000,Serangoon,119,0,0
HDB 3 Rooms,340000,Kallang/Whampoa,60,0,0
HDB 4 Rooms,360000,Sembawang,102,0,0
HDB 5 Rooms,465000,Choa Chu Kang,122,1,1
HDB 4 Rooms,470000,Ang Mo Kio,97,0,1
HDB 5 Rooms,720000,Bishan,130,0,1
HDB 5 Rooms,499999,Kallang/Whampoa,118,1,1
HDB 4 Rooms,585000,Pasir Ris,86,0,1
HDB 5 Rooms,888000,Bukit Timah,122,1,1
HDB 4 Rooms,500000,Clementi,92,1,1
HDB 4 Rooms,348000,Woodlands,96,0,1
HDB 5 Rooms,399000,Woodlands,120,0,0
HDB 4 Rooms,430000,Punggol,92,0,0
HDB Executive,559000,Bukit Batok,149,0,0
HDB 3 Rooms,298888,Bukit Panjang,73,0,1
HDB 4 Rooms,330000,Choa Chu Kang,105,0,0
HDB 5 Rooms,490000,Tampines,122,1,1
HDB 5 Rooms,480000,Jurong East,115,1,0
HDB 5 Rooms,500000,Punggol,110,1,1
HDB 4 Rooms,398000,Sengkang,93,1,1
HDB 3 Rooms,278000,Yishun,64,0,1
HDB 5 Rooms,588000,Ang Mo Kio,121,1,0
HDB 4 Rooms,499000,Punggol,90,1,0
HDB 4 Rooms,610000,Ang Mo Kio,94,1,1
HDB 5 Rooms,388000,Jurong West,120,1,0
HDB 4 Rooms,388000,Hougang,108,0,0
HDB 4 Rooms,465000,Tampines,104,1,1
HDB 4 Rooms,435000,Sengkang,93,1,1
HDB 3 Rooms,290000,Queenstown,60,1,1
HDB 5 Rooms,555000,Toa Payoh,126,1,1
HDB 5 Rooms,470000,Woodlands,127,1,1
HDB 5 Rooms,575000,Punggol,113,0,1
HDB 4 Rooms,458000,Bishan,84,0,0
HDB Executive,590000,Sengkang,131,1,0
HDB 5 Rooms,450000,Sengkang,115,1,1
HDB 4 Rooms,318000,Jurong West,105,1,0
HDB 5 Rooms,565000,Tampines,122,1,1
HDB 4 Rooms,410000,Tampines,109,1,1
HDB 4 Rooms,450000,Tampines,92,0,0
HDB 4 Rooms,450000,Ang Mo Kio,97,1,1
HDB 5 Rooms,1000000,Hougang,123,1,1
HDB 3 Rooms,280000,Bedok,68,0,1
HDB 5 Rooms,500000,Jurong West,116,1,0
HDB 5 Rooms,400000,Yishun,122,1,0
HDB 3 Rooms,318000,Yishun,67,1,0
HDB 4 Rooms,478000,Sengkang,95,1,1
HDB 5 Rooms,670000,Bishan,122,0,0
HDB 3 Rooms,385000,Marine Parade,76,1,0
HDB 5 Rooms,570000,Sengkang,111,1,0
HDB 5 Rooms,860000,Bedok,109,1,1
HDB 5 Rooms,819000,Tampines,142,0,1
HDB 5 Rooms,480000,Woodlands,124,1,1
HDB 5 Rooms,688000,Punggol,112,1,1
HDB 5 Rooms,900000,Bukit Merah,110,1,0
HDB 5 Rooms,549999,Tampines,132,1,1
HDB 4 Rooms,399000,Bedok,84,0,1
HDB 3 Rooms,348000,Tampines,74,0,0
HDB 5 Rooms,340000,Woodlands,110,1,0
HDB 5 Rooms,560000,Bukit Batok,132,0,1
HDB 4 Rooms,630000,Geylang,91,0,1
HDB 3 Rooms,295000,Kallang/Whampoa,62,0,0
HDB 4 Rooms,428000,Tampines,103,0,0
HDB 3 Rooms,328000,Tampines,75,1,1
HDB 3 Rooms,518888,Kallang/Whampoa,62,1,1
HDB 5 Rooms,470000,Jurong West,110,1,1
HDB 4 Rooms,525000,Pasir Ris,93,1,1
HDB 4 Rooms,480000,Central Area,75,0,1
HDB 4 Rooms,1120000,Bukit Merah,92,1,1
HDB 5 Rooms,500000,Tampines,125,0,0
HDB 4 Rooms,799888,Clementi,82,0,1
HDB 4 Rooms,348000,Yishun,84,0,1
HDB 5 Rooms,600000,Bishan,122,0,0
HDB 3 Rooms,350000,Ang Mo Kio,75,0,1
HDB Executive,615000,Tampines,148,0,0
HDB Executive,698000,Pasir Ris,144,1,0
HDB Executive,928000,Serangoon,146,0,1
HDB 4 Rooms,900000,Tampines,84,0,1
HDB 3 Rooms,518000,Bukit Merah,84,0,1
HDB 3 Rooms,330000,Tampines,74,0,1
HDB 3 Rooms,338888,Tampines,74,0,0
HDB 5 Rooms,680000,Bishan,121,1,0
HDB 5 Rooms,498000,Bukit Batok,122,1,0
HDB 4 Rooms,449999,Ang Mo Kio,97,1,1
HDB 3 Rooms,400000,Tampines,69,0,1
HDB 5 Rooms,450000,Hougang,120,0,0
HDB 5 Rooms,550000,Tampines,125,1,0
HDB Executive,529000,Sembawang,139,1,0
HDB 5 Rooms,799000,Queenstown,117,0,0
HDB Executive,630000,Jurong East,149,0,1
HDB 4 Rooms,340000,Jurong East,98,1,0
HDB 4 Rooms,510000,Pasir Ris,93,1,0
HDB Executive,578888,Hougang,137,1,0
HDB 3 Rooms,513000,Tampines,62,1,0
HDB 5 Rooms,899999,Kallang/Whampoa,114,1,1
HDB 4 Rooms,528000,Punggol,93,1,0
HDB 4 Rooms,498000,Bedok,108,1,0
HDB 4 Rooms,680000,Geylang,101,1,1
HDB 4 Rooms,399999,Hougang,91,1,0
HDB 3 Rooms,368888,Yishun,67,0,1
HDB 5 Rooms,598000,Bedok,123,0,1
HDB 3 Rooms,298000,Clementi,67,0,0
HDB 4 Rooms,520000,Marine Parade,82,0,0
HDB 4 Rooms,560000,Punggol,92,1,1
HDB 3 Rooms,278000,Ang Mo Kio,68,0,0
HDB 4 Rooms,330000,Jurong West,103,1,0
HDB 5 Rooms,628000,Sengkang,112,1,1
HDB 5 Rooms,690000,Punggol,112,0,1
HDB 4 Rooms,380000,Tampines,93,1,0
HDB Executive,618000,Tampines,147,1,1
HDB 3 Rooms,288888,Bukit Batok,73,1,1
HDB 4 Rooms,680000,Geylang,101,1,1
HDB 4 Rooms,455000,Bukit Panjang,93,1,1
HDB 4 Rooms,600888,Tampines,93,1,1
HDB Executive,630000,Jurong East,149,0,1
HDB 4 Rooms,436888,Clementi,92,0,0
HDB Executive,650000,Pasir Ris,149,0,1
HDB 4 Rooms,395000,Bedok,84,0,1
HDB 4 Rooms,479000,Sengkang,92,1,0
HDB 4 Rooms,430000,Sembawang,92,0,0
HDB 5 Rooms,650000,Bishan,120,0,0
HDB 3 Rooms,340000,Bukit Panjang,68,1,0
HDB 4 Rooms,728888,Bedok,97,0,0
HDB 3 Rooms,513000,Tampines,62,1,0
HDB 4 Rooms,610000,Ang Mo Kio,94,1,1
HDB 5 Rooms,550000,Bukit Batok,120,1,0
HDB 3 Rooms,398000,Toa Payoh,74,0,1
HDB 4 Rooms,374000,Serangoon,100,0,0
HDB 4 Rooms,699888,Queenstown,85,0,0
HDB 5 Rooms,830000,Bishan,119,0,0
HDB Executive,480000,Jurong West,145,0,0
HDB 5 Rooms,518000,Punggol,111,1,1
HDB 4 Rooms,560000,Tampines,93,1,1
HDB 5 Rooms,450000,Woodlands,123,0,0
HDB 4 Rooms,367000,Woodlands,101,0,0
HDB 3 Rooms,340000,Bukit Panjang,67,0,0
HDB 5 Rooms,590000,Sengkang,112,1,1
HDB 4 Rooms,688000,Queenstown,95,1,0
HDB 4 Rooms,680000,Bedok,87,1,1
HDB 5 Rooms,570000,Punggol,113,0,0
HDB 4 Rooms,500000,Punggol,96,1,1
HDB 5 Rooms,560000,Ang Mo Kio,121,0,1
HDB 5 Rooms,708000,Hougang,112,1,1
HDB 3 Rooms,345000,Tampines,74,0,1
HDB 5 Rooms,468000,Punggol,112,0,1
HDB 4 Rooms,499999,Jurong East,87,1,1
HDB 4 Rooms,570000,Punggol,93,0,1
HDB 5 Rooms,450000,Sengkang,115,1,1
HDB 3 Rooms,308000,Yishun,67,0,1
HDB 5 Rooms,600000,Bedok,123,1,1
HDB 5 Rooms,1000000,Hougang,123,1,1
HDB 5 Rooms,400000,Yishun,122,1,0
HDB 5 Rooms,799000,Bedok,105,0,1
HDB 3 Rooms,320000,Bukit Merah,64,0,0
HDB 5 Rooms,630000,Clementi,118,0,0
HDB 4 Rooms,448000,Tampines,103,1,0
HDB 3 Rooms,300000,Yishun,84,0,1
HDB 5 Rooms,459000,Bukit Panjang,110,1,1
HDB 5 Rooms,618000,Hougang,123,1,1
HDB 5 Rooms,469500,Jurong West,129,0,1
HDB 5 Rooms,490000,Jurong East,132,1,0
HDB Executive,590000,Choa Chu Kang,142,1,1
HDB 5 Rooms,545000,Kallang/Whampoa,117,0,0
HDB 5 Rooms,618888,Kallang/Whampoa,117,1,1
HDB 5 Rooms,405000,Woodlands,110,1,1
HDB 5 Rooms,748000,Hougang,112,1,1
HDB 4 Rooms,479000,Sengkang,92,1,1
HDB 4 Rooms,450000,Tampines,106,0,1
HDB 5 Rooms,918888,Ang Mo Kio,112,0,0
HDB 4 Rooms,410000,Sembawang,92,1,1
HDB 4 Rooms,735000,Bedok,87,0,1
HDB 3 Rooms,440000,Queenstown,72,1,1
HDB 3 Rooms,378000,Queenstown,65,0,1
HDB 3 Rooms,325000,Tampines,74,0,0
HDB Executive,669000,Pasir Ris,146,0,0
HDB 3 Rooms,290000,Queenstown,60,1,1
HDB 5 Rooms,400000,Woodlands,118,0,0
HDB 5 Rooms,498000,Ang Mo Kio,121,1,0
HDB 4 Rooms,485000,Sengkang,92,1,1
HDB 4 Rooms,535000,Bishan,84,0,0
HDB 4 Rooms,750000,Queenstown,90,1,0
HDB 3 Rooms,658000,Bukit Merah,88,0,0
HDB Executive,730000,Bedok,144,0,0
HDB 4 Rooms,368000,Geylang,84,0,0
HDB Executive,548000,Bukit Panjang,130,0,0
HDB 5 Rooms,456888,Jurong West,135,1,1
HDB 5 Rooms,499000,Punggol,110,1,1
HDB 4 Rooms,379000,Yishun,92,0,1
HDB 4 Rooms,350000,Yishun,89,0,0
HDB 4 Rooms,592888,Bukit Merah,104,0,1
HDB 4 Rooms,390000,Queenstown,88,0,0
HDB 4 Rooms,435000,Sengkang,93,1,1
HDB Executive,610000,Jurong West,147,1,0
HDB 5 Rooms,400000,Punggol,110,1,1
HDB 4 Rooms,660000,Serangoon,103,0,1
HDB 5 Rooms,980000,Bukit Merah,110,0,1
HDB 4 Rooms,460000,Tampines,100,0,0
HDB 4 Rooms,680000,Bukit Merah,91,0,0
HDB 5 Rooms,405000,Woodlands,110,1,1
HDB 5 Rooms,455000,Sengkang,122,1,1
HDB Executive,675000,Hougang,148,1,0
HDB 5 Rooms,395000,Choa Chu Kang,133,0,0
HDB 5 Rooms,462000,Punggol,112,1,0
HDB 3 Rooms,279000,Yishun,67,0,1
HDB 5 Rooms,638888,Punggol,113,1,0
HDB Executive,720000,Hougang,146,0,0
HDB 5 Rooms,858000,Ang Mo Kio,112,1,1
HDB 4 Rooms,320000,Yishun,85,1,1
HDB 5 Rooms,508000,Pasir Ris,122,0,0
HDB 4 Rooms,360000,Bukit Panjang,104,0,1
HDB 4 Rooms,343000,Bukit Panjang,103,1,0
HDB 5 Rooms,758000,Bedok,105,1,0
HDB 4 Rooms,500000,Punggol,96,1,1
HDB Executive,868000,Tampines,146,0,1
HDB 5 Rooms,850000,Hougang,112,0,1
HDB 5 Rooms,570000,Punggol,113,0,0
HDB Executive,628000,Jurong East,156,1,1
HDB 2 Rooms,275000,Pasir Ris,47,0,1
HDB 5 Rooms,728000,Bishan,121,1,1
HDB 4 Rooms,530000,Punggol,93,0,0
HDB 3 Rooms,280000,Yishun,73,1,0
HDB 3 Rooms,485000,Central Area,60,0,1
HDB 4 Rooms,340000,Jurong West,108,0,0
HDB 5 Rooms,460000,Serangoon,122,0,1
HDB 3 Rooms,300000,Bedok,67,0,0
HDB 4 Rooms,818888,Bukit Merah,91,1,1
HDB 4 Rooms,448000,Yishun,99,0,0
HDB 4 Rooms,530000,Pasir Ris,93,1,1
HDB 3 Rooms,390000,Tampines,68,0,1
HDB 5 Rooms,550000,Yishun,112,1,1
HDB 4 Rooms,300000,Yishun,84,0,1
HDB 4 Rooms,360000,Toa Payoh,82,0,0
HDB 3 Rooms,330000,Tampines,60,0,0
HDB 4 Rooms,430000,Sengkang,92,1,1
HDB 3 Rooms,450000,Central Area,60,0,1
HDB 2 Rooms,228000,Toa Payoh,40,0,1
HDB 4 Rooms,498000,Bukit Panjang,93,1,1
HDB 4 Rooms,650000,Tampines,84,1,1
HDB 4 Rooms,520000,Punggol,92,1,1
HDB 4 Rooms,500000,Ang Mo Kio,95,1,1
HDB 4 Rooms,390000,Ang Mo Kio,92,0,1
HDB 5 Rooms,715000,Bishan,121,1,1
HDB 3 Rooms,330000,Clementi,67,0,0
HDB 4 Rooms,610000,Ang Mo Kio,94,1,1
HDB 4 Rooms,428888,Bukit Panjang,93,1,1
HDB 3 Rooms,220000,Geylang,56,0,0
HDB 3 Rooms,210000,Kallang/Whampoa,56,0,0
HDB 3 Rooms,338000,Bukit Panjang,67,1,1
HDB 4 Rooms,445000,Jurong West,93,0,1
HDB 5 Rooms,460000,Punggol,110,1,0
HDB 4 Rooms,290000,Yishun,84,0,1
HDB 5 Rooms,480000,Pasir Ris,122,1,0
HDB 5 Rooms,899000,Kallang/Whampoa,110,0,0
HDB 5 Rooms,880000,Bedok,105,1,0
HDB 5 Rooms,898000,Toa Payoh,120,1,1
HDB 5 Rooms,725000,Bishan,121,1,0
HDB 5 Rooms,729000,Ang Mo Kio,135,1,1
HDB 5 Rooms,550000,Yishun,112,1,1
HDB 4 Rooms,449999,Sengkang,92,1,1
HDB 4 Rooms,700000,Ang Mo Kio,90,0,0
HDB 3 Rooms,350000,Tampines,74,0,0
HDB 5 Rooms,888888,Toa Payoh,113,1,1
HDB 3 Rooms,300000,Queenstown,65,0,0
HDB 5 Rooms,878000,Queenstown,110,1,0
HDB 4 Rooms,380000,Ang Mo Kio,92,0,0
HDB 5 Rooms,588888,Kallang/Whampoa,118,0,0
HDB 5 Rooms,690000,Queenstown,114,1,1
HDB 5 Rooms,699000,Queenstown,117,0,0
HDB 3 Rooms,215000,Geylang,56,0,0
HDB 4 Rooms,480000,Bukit Merah,104,1,0
HDB 3 Rooms,259000,Bedok,60,0,0
HDB 5 Rooms,1328000,Bukit Merah,106,1,1
HDB 4 Rooms,488000,Sengkang,93,1,1
HDB 3 Rooms,260000,Geylang,61,0,0
HDB 4 Rooms,588000,Tampines,93,1,0
HDB 4 Rooms,360000,Jurong West,104,0,1
HDB 4 Rooms,490000,Punggol,96,0,0
HDB 4 Rooms,450000,Punggol,90,0,1
HDB Executive,570000,Jurong West,139,1,0
HDB 5 Rooms,480000,Choa Chu Kang,127,1,0
HDB 5 Rooms,468000,Punggol,110,0,0
HDB 3 Rooms,299000,Ang Mo Kio,68,0,0
HDB 5 Rooms,508000,Tampines,125,1,1
HDB 4 Rooms,799888,Bukit Merah,91,0,1
HDB Executive,648000,Jurong East,147,0,0
HDB 4 Rooms,900000,Kallang/Whampoa,95,1,1
HDB 3 Rooms,265000,Bedok,67,0,0
HDB 3 Rooms,265000,Queenstown,60,0,0
HDB Executive,555000,Choa Chu Kang,146,0,0
HDB 3 Rooms,228000,Kallang/Whampoa,56,0,0
HDB 3 Rooms,513000,Tampines,62,1,0
HDB 5 Rooms,675000,Jurong West,108,0,0
HDB 3 Rooms,330000,Choa Chu Kang,68,1,0
HDB 5 Rooms,408000,Sengkang,110,1,1
HDB 4 Rooms,530000,Central Area,85,1,0
HDB 4 Rooms,540000,Punggol,95,1,1
HDB 4 Rooms,470000,Bedok,92,1,1
HDB 5 Rooms,729000,Ang Mo Kio,135,1,1
HDB 4 Rooms,348000,Jurong West,105,1,0
HDB 3 Rooms,220000,Geylang,56,0,0
HDB 4 Rooms,325000,Yishun,90,0,1
HDB 3 Rooms,265000,Bedok,60,0,1
HDB 4 Rooms,535000,Bedok,105,1,0
HDB 4 Rooms,385000,Bedok,91,1,1
HDB 4 Rooms,375000,Hougang,93,1,1
HDB Executive,575000,Punggol,128,0,0
HDB 5 Rooms,850000,Bukit Merah,116,1,1
HDB 4 Rooms,510000,Pasir Ris,93,1,0
HDB 5 Rooms,535000,Bukit Panjang,112,1,0
HDB 4 Rooms,360000,Yishun,92,0,0
HDB 5 Rooms,899999,Kallang/Whampoa,114,1,1
HDB 4 Rooms,510000,Punggol,92,0,1
HDB Executive,550000,Choa Chu Kang,144,1,1
HDB 4 Rooms,550000,Bukit Timah,91,1,0
HDB 4 Rooms,470000,Kallang/Whampoa,94,1,0
HDB 5 Rooms,770000,Queenstown,111,1,1
HDB 4 Rooms,465000,Hougang,92,0,0
HDB 5 Rooms,475000,Tampines,125,0,0
HDB Executive,788000,Clementi,155,1,0
HDB 4 Rooms,568000,Tampines,93,1,1
HDB Executive,548000,Bukit Panjang,130,0,0
HDB 3 Rooms,335000,Bedok,68,0,0
HDB Executive,530000,Punggol,128,0,0
HDB 4 Rooms,435000,Sengkang,101,1,0
HDB 5 Rooms,600000,Geylang,118,1,1
HDB 5 Rooms,510000,Sengkang,110,0,0
HDB 4 Rooms,730000,Clementi,100,0,0
HDB 5 Rooms,515000,Ang Mo Kio,118,1,0
HDB 5 Rooms,498000,Pasir Ris,122,1,1
HDB 4 Rooms,568000,Tampines,93,1,1
HDB Executive,680000,Tampines,146,0,0
HDB 4 Rooms,468000,Ang Mo Kio,91,1,1
HDB 5 Rooms,729000,Ang Mo Kio,135,1,1
HDB 5 Rooms,698888,Bedok,117,1,1
HDB 5 Rooms,460000,Sengkang,122,0,0
HDB 4 Rooms,330000,Jurong West,106,0,1
HDB 3 Rooms,430000,Marine Parade,76,1,0
HDB 4 Rooms,495000,Punggol,93,0,0
HDB Executive,638000,Yishun,146,1,1
HDB 3 Rooms,299000,Tampines,60,0,0
HDB 5 Rooms,480000,Pasir Ris,122,1,0
HDB 4 Rooms,540000,Tampines,93,1,1
HDB 4 Rooms,300000,Yishun,84,0,0
HDB Executive,570000,Woodlands,143,0,1
HDB 5 Rooms,490000,Sembawang,110,0,0
HDB 5 Rooms,500000,Yishun,123,1,0
HDB 5 Rooms,620000,Pasir Ris,113,1,1
HDB 4 Rooms,560000,Kallang/Whampoa,85,0,1
HDB 5 Rooms,470000,Punggol,110,1,0
HDB 5 Rooms,718000,Punggol,116,1,1
HDB 3 Rooms,240000,Toa Payoh,67,0,0
HDB 5 Rooms,660000,Punggol,112,0,0
HDB 4 Rooms,448000,Tampines,103,1,0
HDB 5 Rooms,455000,Jurong West,116,1,0
HDB 5 Rooms,690000,Tampines,113,1,0
HDB 4 Rooms,399000,Hougang,104,0,1
HDB 5 Rooms,880000,Marine Parade,119,1,0
HDB 3 Rooms,319000,Bedok,68,0,1
HDB 4 Rooms,515000,Marine Parade,87,1,1
HDB 4 Rooms,448000,Tampines,104,0,1
HDB 3 Rooms,438000,Serangoon,64,0,1
HDB 5 Rooms,690000,Bishan,121,1,1
HDB 5 Rooms,510000,Sengkang,114,1,1
HDB 4 Rooms,400000,Bukit Batok,92,1,1
HDB 5 Rooms,440000,Choa Chu Kang,127,1,1
HDB 3 Rooms,335000,Tampines,74,1,0
HDB 5 Rooms,435000,Yishun,122,1,0
HDB 3 Rooms,310000,Kallang/Whampoa,67,0,1
HDB 5 Rooms,388000,Bukit Batok,122,1,0
HDB 4 Rooms,478000,Bukit Panjang,93,1,1
HDB 5 Rooms,748000,Clementi,119,0,1
HDB 4 Rooms,399000,Hougang,104,0,1
HDB 3 Rooms,368000,Ang Mo Kio,82,0,0
HDB 3 Rooms,355000,Punggol,68,0,1
HDB Executive,850000,Ang Mo Kio,146,0,0
HDB 4 Rooms,669000,Queenstown,92,1,1
HDB 4 Rooms,450000,Yishun,92,1,0
HDB 5 Rooms,458000,Woodlands,122,0,0
HDB 3 Rooms,520000,Central Area,68,1,1
HDB 5 Rooms,638000,Tampines,123,1,0
HDB 5 Rooms,455000,Punggol,110,1,1
HDB 4 Rooms,420000,Punggol,92,0,0
HDB 5 Rooms,468000,Choa Chu Kang,130,1,1
HDB 3 Rooms,480000,Ang Mo Kio,99,1,1
HDB 5 Rooms,490000,Choa Chu Kang,123,0,0
HDB 5 Rooms,348000,Choa Chu Kang,110,1,1
HDB 4 Rooms,368000,Clementi,92,0,0
HDB Executive,850000,Choa Chu Kang,145,1,0
HDB 3 Rooms,318000,Clementi,67,0,1
HDB 3 Rooms,350000,Tampines,74,0,0
HDB 5 Rooms,650000,Jurong East,118,1,0
HDB 3 Rooms,415000,Geylang,82,1,0
HDB Executive,638000,Tampines,148,1,0
HDB 5 Rooms,1158000,Queenstown,114,1,1
HDB 4 Rooms,650000,Queenstown,88,1,1
HDB 3 Rooms,380000,Punggol,65,1,1
HDB 4 Rooms,400000,Punggol,92,1,1
HDB 4 Rooms,380000,Kallang/Whampoa,91,1,0
HDB 4 Rooms,470000,Hougang,103,0,0
HDB Executive,738000,Bedok,143,1,1
HDB 3 Rooms,330000,Bedok,60,0,1
HDB 5 Rooms,860000,Bukit Timah,123,0,1
HDB 3 Rooms,299000,Yishun,67,0,0
HDB 5 Rooms,598000,Tampines,123,1,1
HDB 5 Rooms,415000,Woodlands,130,1,0
HDB 4 Rooms,460000,Punggol,92,1,0
HDB 4 Rooms,700000,Tampines,83,0,0
HDB 5 Rooms,699000,Tampines,113,1,1
HDB 3 Rooms,350000,Bedok,82,0,0
HDB 4 Rooms,480000,Punggol,95,1,1
HDB 4 Rooms,462500,Jurong West,92,0,0
HDB Executive,1000000,Serangoon,146,0,1
HDB 4 Rooms,400000,Sembawang,90,0,1
HDB 4 Rooms,780000,Bukit Merah,100,0,0
HDB 4 Rooms,525000,Pasir Ris,93,1,1
HDB 4 Rooms,410000,Ang Mo Kio,93,1,0
HDB 4 Rooms,520000,Bishan,102,0,0
HDB 4 Rooms,505001,Punggol,93,0,1
HDB 5 Rooms,575000,Tampines,123,1,1
HDB 5 Rooms,550000,Yishun,112,1,1
HDB 4 Rooms,480000,Clementi,92,0,1
HDB 5 Rooms,430000,Woodlands,134,1,1
HDB 4 Rooms,520000,Ang Mo Kio,98,1,0
HDB 5 Rooms,470000,Choa Chu Kang,133,1,0
HDB 3 Rooms,280000,Queenstown,60,0,0
HDB 3 Rooms,515000,Hougang,67,1,1
HDB 5 Rooms,650000,Jurong East,118,1,0
HDB 3 Rooms,320000,Kallang/Whampoa,65,1,0
HDB 5 Rooms,690000,Queenstown,114,1,1
HDB 5 Rooms,405000,Woodlands,110,1,1
HDB 5 Rooms,480000,Sengkang,115,1,0
HDB 4 Rooms,505001,Punggol,93,0,1
HDB 4 Rooms,380000,Pasir Ris,103,0,0
HDB 5 Rooms,830000,Tampines,108,1,1
HDB 4 Rooms,650000,Geylang,102,1,0
HDB 3 Rooms,339000,Bukit Merah,65,0,0
HDB 4 Rooms,488000,Tampines,104,0,1
HDB 5 Rooms,448000,Bedok,121,0,1
HDB 5 Rooms,490000,Sengkang,121,1,1
HDB Executive,750000,Tampines,146,0,1
HDB 3 Rooms,315000,Tampines,69,1,0
HDB 3 Rooms,285000,Yishun,67,0,0
HDB 4 Rooms,365000,Jurong West,100,0,0
HDB 5 Rooms,530000,Sengkang,112,0,0
HDB 5 Rooms,545000,Kallang/Whampoa,117,0,0
HDB 4 Rooms,419000,Tampines,105,0,0
HDB 5 Rooms,758000,Bedok,105,1,1
HDB 3 Rooms,258000,Toa Payoh,76,0,0
HDB 4 Rooms,390000,Bedok,92,0,0
HDB 4 Rooms,699000,Ang Mo Kio,88,0,1
HDB 5 Rooms,430000,Woodlands,134,1,1
HDB 4 Rooms,520000,Sengkang,90,0,0
HDB 3 Rooms,295000,Geylang,65,0,1
HDB 4 Rooms,370000,Sembawang,100,0,1
HDB 3 Rooms,328000,Kallang/Whampoa,65,0,0
HDB 4 Rooms,710000,Bedok,87,1,1
HDB 5 Rooms,445000,Bukit Panjang,109,0,0
HDB 4 Rooms,555000,Yishun,92,1,1
HDB 3 Rooms,492000,Marine Parade,79,1,0
HDB 4 Rooms,395000,Yishun,94,0,1
HDB 5 Rooms,520000,Tampines,124,1,0
HDB 5 Rooms,650888,Tampines,113,1,1
HDB 3 Rooms,355000,Kallang/Whampoa,68,0,1
HDB 5 Rooms,688000,Geylang,118,0,1
HDB Executive,645000,Jurong West,151,0,0
HDB 5 Rooms,480000,Ang Mo Kio,119,1,0
HDB 2 Rooms,338000,Ang Mo Kio,67,0,1
HDB 5 Rooms,820000,Bishan,123,0,1
HDB 5 Rooms,555000,Bukit Batok,110,0,1
HDB Executive,740000,Tampines,149,1,0
HDB 5 Rooms,498000,Bedok,117,0,1
HDB 4 Rooms,529000,Marine Parade,87,1,0
HDB 4 Rooms,565000,Bukit Merah,103,0,0
HDB Executive,590000,Bukit Batok,146,0,0
HDB 4 Rooms,620000,Geylang,95,0,1
HDB 5 Rooms,750000,Bukit Merah,123,1,0
HDB 3 Rooms,265000,Bedok,67,0,0
HDB 4 Rooms,380000,Jurong West,104,0,1
HDB 5 Rooms,600000,Hougang,124,0,0
HDB 5 Rooms,488000,Pasir Ris,128,1,0
HDB 4 Rooms,700000,Tampines,83,0,0
HDB 4 Rooms,428000,Sengkang,92,0,1
HDB 3 Rooms,295000,Bedok,68,1,0
HDB 5 Rooms,415000,Woodlands,130,1,0
HDB 3 Rooms,420000,Yishun,67,0,1
HDB 5 Rooms,630000,Hougang,125,0,0
HDB Executive,528888,Punggol,128,0,0
HDB 3 Rooms,220000,Geylang,56,0,0
HDB 4 Rooms,430000,Tampines,103,0,0
HDB 3 Rooms,305000,Serangoon,61,0,0
HDB 5 Rooms,620000,Bedok,119,1,0
HDB 3 Rooms,270000,Ang Mo Kio,66,1,0
HDB 5 Rooms,590000,Bedok,120,1,1
HDB 4 Rooms,470000,Punggol,92,0,0
HDB 5 Rooms,530000,Tampines,121,1,1
HDB 5 Rooms,920000,Ang Mo Kio,112,1,1
HDB 5 Rooms,455000,Sengkang,122,1,1
HDB 3 Rooms,218000,Geylang,80,0,0
HDB 5 Rooms,950000,Central Area,139,0,0
HDB Executive,578888,Hougang,137,1,0
HDB 5 Rooms,850000,Bukit Merah,116,1,1
HDB 4 Rooms,390000,Ang Mo Kio,91,1,0
HDB 3 Rooms,270000,Ang Mo Kio,68,0,1
HDB 5 Rooms,450000,Jurong West,110,1,1
HDB 5 Rooms,780000,Kallang/Whampoa,110,0,1
HDB 2 Rooms,220000,Sembawang,40,0,0
HDB 5 Rooms,658888,Sengkang,113,1,0
HDB 4 Rooms,440000,Bukit Panjang,92,1,0
HDB 4 Rooms,380000,Yishun,104,1,0
HDB 3 Rooms,325000,Bukit Panjang,67,1,1
HDB 3 Rooms,388000,Ang Mo Kio,82,1,0
HDB 4 Rooms,420000,Pasir Ris,104,0,1
HDB Executive,630000,Jurong West,146,0,1
HDB 3 Rooms,338000,Ang Mo Kio,82,1,0
HDB 4 Rooms,415000,Bukit Merah,88,1,1
HDB 4 Rooms,430000,Bedok,104,0,0
HDB 5 Rooms,480000,Punggol,110,1,0
HDB 3 Rooms,340000,Bukit Panjang,68,1,0
HDB 4 Rooms,406000,Hougang,94,0,0
HDB 5 Rooms,650000,Punggol,113,1,1
HDB 5 Rooms,1135000,Bukit Merah,105,1,1
HDB 4 Rooms,430000,Woodlands,104,0,0
HDB 3 Rooms,280000,Bukit Batok,73,0,0
HDB 4 Rooms,408000,Clementi,92,1,1
HDB 4 Rooms,399000,Queenstown,84,1,1
HDB 4 Rooms,500000,Punggol,92,1,0
HDB 5 Rooms,408000,Choa Chu Kang,116,1,1
HDB 5 Rooms,580000,Kallang/Whampoa,117,0,0
HDB 5 Rooms,500000,Pasir Ris,139,1,1
HDB 5 Rooms,548000,Punggol,113,1,1
HDB 5 Rooms,898000,Toa Payoh,120,1,1
HDB Executive,650000,Pasir Ris,149,0,1
HDB 3 Rooms,330000,Clementi,67,0,0
HDB 2 Rooms,360000,Clementi,49,0,0
HDB Executive,460000,Jurong West,146,0,0
HDB 4 Rooms,390000,Ang Mo Kio,91,1,0
HDB 3 Rooms,336000,Clementi,67,0,1
HDB 5 Rooms,460000,Pasir Ris,122,1,0
HDB 5 Rooms,420000,Choa Chu Kang,124,1,1
HDB 3 Rooms,320000,Woodlands,67,1,1
HDB 4 Rooms,470000,Punggol,92,0,0
HDB 5 Rooms,499000,Pasir Ris,138,0,0
HDB 4 Rooms,677000,Serangoon,103,0,1
HDB 5 Rooms,550000,Tampines,125,1,0
HDB 4 Rooms,380000,Sengkang,92,0,1
HDB Executive,800000,Bishan,146,0,0
HDB Executive,748000,Tampines,146,0,0
HDB Executive,630000,Jurong East,149,0,1
HDB Jumbo,768888,Woodlands,177,1,1
HDB 5 Rooms,500000,Yishun,123,1,0
HDB 5 Rooms,450000,Jurong West,110,1,1
HDB 4 Rooms,390000,Hougang,104,1,1
HDB 5 Rooms,840000,Bukit Merah,110,1,1
HDB 4 Rooms,420000,Tampines,100,0,0
HDB 5 Rooms,468000,Punggol,110,0,1
HDB 3 Rooms,399999,Queenstown,72,1,1
HDB 4 Rooms,438000,Pasir Ris,103,0,0
HDB Executive,638000,Woodlands,145,0,1
HDB 5 Rooms,560000,Ang Mo Kio,121,1,1
HDB 5 Rooms,860000,Bedok,109,1,1
HDB 5 Rooms,655000,Geylang,118,1,1
HDB 3 Rooms,295000,Bukit Panjang,64,0,0
HDB 5 Rooms,512000,Sengkang,110,1,1
HDB 5 Rooms,750000,Bukit Merah,110,1,1
HDB 5 Rooms,694888,Bukit Merah,115,0,0
HDB 3 Rooms,370000,Kallang/Whampoa,68,0,0
HDB 3 Rooms,260000,Yishun,74,0,0
HDB 5 Rooms,748000,Clementi,119,0,1
HDB 4 Rooms,735000,Bedok,87,0,1
HDB 5 Rooms,950000,Bedok,105,0,1
HDB 5 Rooms,455000,Sengkang,122,1,1
HDB 5 Rooms,608000,Bedok,115,1,1
HDB Executive,685000,Geylang,146,0,0
HDB 4 Rooms,318000,Jurong West,105,1,0
HDB 4 Rooms,515000,Marine Parade,87,1,1
HDB 4 Rooms,338888,Choa Chu Kang,99,1,0
HDB 5 Rooms,500000,Woodlands,124,0,1
HDB 5 Rooms,370000,Woodlands,110,0,1
HDB 4 Rooms,508000,Pasir Ris,92,0,1
HDB 4 Rooms,420000,Serangoon,104,0,1
HDB 5 Rooms,490000,Jurong West,122,1,0
HDB 3 Rooms,320000,Yishun,67,0,0
HDB 5 Rooms,430000,Punggol,110,0,1
HDB 4 Rooms,650000,Hougang,92,0,1
HDB 4 Rooms,699000,Ang Mo Kio,88,0,1
HDB 4 Rooms,520000,Bishan,102,0,0
HDB 3 Rooms,249000,Geylang,60,0,0
HDB 3 Rooms,299999,Yishun,68,0,0
HDB 5 Rooms,550000,Yishun,112,1,1
HDB 5 Rooms,550000,Bedok,121,0,1
HDB 5 Rooms,700000,Kallang/Whampoa,120,1,0
HDB 5 Rooms,490000,Sembawang,110,0,0
HDB 3 Rooms,339000,Bukit Merah,65,0,0
HDB Executive,650000,Pasir Ris,149,0,1
HDB 3 Rooms,300000,Geylang,67,0,0
HDB 3 Rooms,248000,Woodlands,74,0,0
HDB 5 Rooms,588000,Ang Mo Kio,121,1,0
HDB 4 Rooms,368000,Hougang,95,1,0
HDB 4 Rooms,453000,Punggol,92,1,1
HDB 4 Rooms,499000,Pasir Ris,93,1,1
HDB Executive,760000,Tampines,142,1,1
HDB 3 Rooms,280000,Yishun,68,0,0
HDB 5 Rooms,690000,Tampines,113,1,0
HDB 4 Rooms,420000,Sengkang,95,0,0
HDB 5 Rooms,499000,Sengkang,110,0,1
HDB 5 Rooms,600000,Bedok,117,1,1
HDB 5 Rooms,470000,Choa Chu Kang,122,1,0
HDB 3 Rooms,310000,Bedok,68,0,0
HDB Executive,769000,Clementi,150,1,1
HDB 3 Rooms,238000,Geylang,59,0,0
HDB 4 Rooms,490000,Sengkang,92,1,0
HDB 4 Rooms,450000,Punggol,92,0,0
HDB 4 Rooms,525000,Pasir Ris,93,1,1
HDB 5 Rooms,818000,Geylang,120,1,0
HDB 4 Rooms,520000,Bishan,102,0,0
HDB 4 Rooms,538000,Clementi,92,0,1
HDB 5 Rooms,799000,Geylang,120,1,1
HDB 5 Rooms,488000,Pasir Ris,128,1,0
HDB 4 Rooms,450000,Bedok,92,1,0
HDB 4 Rooms,728000,Queenstown,90,1,1
HDB 3 Rooms,370000,Marine Parade,65,0,0
HDB 3 Rooms,280000,Ang Mo Kio,68,0,1
HDB 4 Rooms,838000,Clementi,82,1,1
HDB 4 Rooms,400000,Bukit Merah,82,0,1
HDB 4 Rooms,398000,Ang Mo Kio,99,1,1
HDB 5 Rooms,825000,Tampines,108,1,1
HDB 4 Rooms,419688,Bukit Batok,104,1,1
HDB 3 Rooms,340000,Yishun,67,1,1
HDB 4 Rooms,560000,Tampines,93,0,0
HDB 5 Rooms,389000,Woodlands,110,0,1
HDB 3 Rooms,298000,Ang Mo Kio,68,0,0
HDB 5 Rooms,450000,Jurong West,127,1,0
HDB 4 Rooms,488000,Tampines,104,0,1
HDB 4 Rooms,510000,Bukit Merah,91,1,1
HDB 4 Rooms,449999,Ang Mo Kio,97,1,1
HDB 4 Rooms,338888,Choa Chu Kang,99,1,0
HDB Executive,560000,Jurong West,125,0,1
HDB Jumbo,750000,Ang Mo Kio,164,1,1
HDB 3 Rooms,300000,Bedok,67,0,0
HDB Executive,650000,Pasir Ris,144,1,1
HDB 4 Rooms,450000,Toa Payoh,98,0,0
HDB Executive,705000,Bedok,149,0,0
HDB 4 Rooms,329000,Yishun,104,1,0
HDB 3 Rooms,258000,Yishun,64,0,0
HDB Executive,790000,Jurong East,144,1,0
HDB 5 Rooms,488000,Jurong East,126,0,0
HDB 5 Rooms,545000,Kallang/Whampoa,117,0,0
HDB 4 Rooms,370000,Kallang/Whampoa,91,1,1
HDB 5 Rooms,750000,Bukit Merah,123,1,0
HDB 5 Rooms,388000,Punggol,111,0,1
HDB 3 Rooms,315000,Clementi,67,0,1
HDB 5 Rooms,458000,Woodlands,122,1,1
HDB 4 Rooms,375000,Bedok,92,1,0
HDB 5 Rooms,830000,Tampines,108,0,0
HDB 5 Rooms,500000,Woodlands,124,0,1
HDB 5 Rooms,758000,Ang Mo Kio,111,1,0
HDB 4 Rooms,650000,Serangoon,108,1,0
HDB 5 Rooms,690000,Queenstown,114,1,1
HDB 4 Rooms,630000,Hougang,92,1,1
HDB Executive,738000,Bedok,143,1,1
HDB 4 Rooms,538000,Clementi,92,0,1
HDB 3 Rooms,455000,Central Area,60,0,1
HDB Executive,748000,Toa Payoh,147,0,0
HDB Jumbo,720000,Woodlands,177,1,1
HDB 5 Rooms,668000,Bishan,121,1,1
HDB Executive,850000,Choa Chu Kang,145,0,1
HDB 4 Rooms,420000,Sengkang,90,0,0
HDB 5 Rooms,628000,Sengkang,112,1,1
HDB 4 Rooms,378000,Yishun,104,0,0
HDB 3 Rooms,320000,Bedok,82,0,0
HDB 5 Rooms,450000,Jurong West,110,1,0
HDB Executive,899000,Geylang,146,0,1
HDB 5 Rooms,750000,Toa Payoh,121,1,0
HDB 5 Rooms,580000,Clementi,121,0,1
HDB 4 Rooms,462500,Jurong West,92,0,0
HDB 4 Rooms,520000,Punggol,92,1,1
HDB Executive,680000,Yishun,146,0,0
HDB Jumbo,790000,Woodlands,192,1,1
HDB 5 Rooms,575000,Tampines,123,1,1
HDB 5 Rooms,370000,Woodlands,110,0,1
HDB 4 Rooms,420000,Serangoon,104,0,1
HDB Executive,580000,Pasir Ris,146,0,1
HDB 4 Rooms,430000,Serangoon,103,1,1
HDB 3 Rooms,318000,Clementi,67,0,1
HDB Jumbo,748000,Tampines,132,0,0
HDB 4 Rooms,518000,Bishan,104,1,0
HDB 3 Rooms,299000,Sembawang,68,1,0
HDB 2 Rooms,245000,Toa Payoh,40,0,1
HDB 4 Rooms,430000,Punggol,92,1,1
HDB Executive,838000,Bukit Batok,141,1,1
HDB 5 Rooms,475000,Tampines,125,0,0
HDB 4 Rooms,630000,Tampines,93,1,1
HDB 4 Rooms,460000,Toa Payoh,104,0,0
HDB 4 Rooms,399000,Sengkang,95,1,1
HDB 5 Rooms,745000,Bishan,121,1,1
HDB 3 Rooms,365000,Bedok,82,1,1
HDB 5 Rooms,490000,Punggol,110,0,1
HDB 4 Rooms,400000,Bukit Panjang,102,0,1
HDB 4 Rooms,498000,Tampines,103,0,1
HDB 4 Rooms,455000,Bedok,104,1,1
HDB 4 Rooms,588000,Bishan,107,1,0
HDB 5 Rooms,599888,Punggol,112,0,0
HDB 4 Rooms,368000,Sembawang,102,0,0
HDB 5 Rooms,415000,Woodlands,120,1,0
HDB Executive,680000,Bukit Batok,150,0,1
HDB 3 Rooms,400000,Queenstown,70,1,1
HDB 5 Rooms,510000,Sengkang,115,1,1
HDB 3 Rooms,275000,Yishun,74,0,0
HDB Executive,560000,Jurong West,146,0,0
HDB 4 Rooms,367000,Woodlands,101,0,0
HDB 5 Rooms,698888,Bedok,117,1,1
HDB 5 Rooms,585000,Bukit Batok,118,0,1
HDB 5 Rooms,849888,Geylang,110,0,0
HDB 3 Rooms,730000,Bukit Merah,62,0,0
HDB 4 Rooms,840000,Clementi,80,1,1
HDB 4 Rooms,680000,Bukit Merah,90,0,0
HDB 3 Rooms,299000,Tampines,60,0,0
HDB Executive,980000,Bishan,149,0,0
HDB 3 Rooms,260000,Geylang,56,0,1
HDB 4 Rooms,580000,Bishan,105,0,0
HDB 4 Rooms,420000,Tampines,104,0,0
HDB 5 Rooms,828000,Toa Payoh,121,1,1
HDB 3 Rooms,428000,Kallang/Whampoa,74,1,1
HDB 4 Rooms,550000,Clementi,104,1,1
HDB 5 Rooms,620000,Pasir Ris,113,1,1
HDB Executive,600000,Punggol,128,0,1
HDB 4 Rooms,480000,Tampines,100,0,0
HDB 3 Rooms,410000,Ang Mo Kio,88,1,1
HDB Executive,575000,Bukit Panjang,142,0,1
HDB 5 Rooms,475000,Tampines,125,0,0
HDB 2 Rooms,260000,Woodlands,47,0,0
HDB Executive,768000,Tampines,142,0,0
HDB 3 Rooms,304000,Ang Mo Kio,68,0,0
HDB 4 Rooms,440000,Bedok,83,0,0
HDB 5 Rooms,599000,Jurong East,121,1,1
HDB 5 Rooms,420000,Choa Chu Kang,121,1,1
HDB 5 Rooms,500000,Yishun,112,0,0
HDB 5 Rooms,515000,Jurong East,135,1,0
HDB 3 Rooms,300000,Bukit Merah,65,0,0
HDB 4 Rooms,370000,Choa Chu Kang,104,0,1
HDB 4 Rooms,700000,Geylang,95,1,1
HDB 4 Rooms,780000,Central Area,82,1,1
HDB 3 Rooms,318000,Bedok,65,0,1
HDB 4 Rooms,450000,Geylang,91,1,1
HDB 3 Rooms,450000,Queenstown,73,1,1
HDB 4 Rooms,360000,Sembawang,102,0,1
HDB 5 Rooms,388000,Jurong West,120,1,0
HDB 5 Rooms,490000,Tampines,122,1,1
HDB 4 Rooms,650000,Geylang,102,0,0
HDB 5 Rooms,505000,Bedok,121,1,0
HDB 4 Rooms,525000,Pasir Ris,107,1,1
HDB 4 Rooms,420000,Sengkang,96,1,1
HDB 4 Rooms,475000,Tampines,104,0,0
HDB 5 Rooms,840000,Bukit Merah,110,1,1
HDB 5 Rooms,568000,Sengkang,113,1,1
HDB 3 Rooms,315000,Bedok,68,0,1
HDB 4 Rooms,370000,Jurong West,91,0,1
HDB Executive,780000,Pasir Ris,144,1,1
HDB 5 Rooms,588000,Ang Mo Kio,121,1,0
HDB 3 Rooms,350000,Central Area,65,0,1
HDB Executive,758000,Bedok,146,1,0
HDB 5 Rooms,500000,Pasir Ris,128,0,1
HDB 4 Rooms,450000,Pasir Ris,105,1,1
HDB 4 Rooms,550000,Pasir Ris,93,1,1
HDB 4 Rooms,410000,Bukit Batok,92,1,1
HDB 4 Rooms,500000,Clementi,92,1,1
HDB 5 Rooms,845000,Bedok,105,0,0
HDB 3 Rooms,350000,Bukit Merah,67,0,0
HDB Executive,570000,Sembawang,125,1,0
HDB 4 Rooms,326000,Yishun,93,0,0
HDB 3 Rooms,240000,Bedok,59,0,0
HDB 4 Rooms,478000,Ang Mo Kio,98,1,0
HDB 5 Rooms,428000,Punggol,110,0,0
HDB 3 Rooms,370000,Bukit Merah,65,0,0
HDB 4 Rooms,359000,Ang Mo Kio,92,1,1
HDB 5 Rooms,510000,Sengkang,110,0,0
HDB 4 Rooms,470000,Bedok,102,0,0
HDB 4 Rooms,430000,Sengkang,92,1,1
HDB 4 Rooms,528000,Punggol,92,1,1
HDB Executive,675000,Hougang,148,1,0
HDB 5 Rooms,738000,Serangoon,115,1,0
HDB 3 Rooms,282000,Toa Payoh,65,0,0
HDB 3 Rooms,298000,Kallang/Whampoa,65,0,0
HDB 5 Rooms,540000,Choa Chu Kang,113,1,1
HDB 5 Rooms,410000,Sengkang,114,1,1
HDB 3 Rooms,338000,Bukit Merah,65,0,0
HDB 4 Rooms,430000,Sengkang,93,0,1
HDB 3 Rooms,348000,Punggol,68,1,1
HDB 5 Rooms,480000,Pasir Ris,122,1,0
HDB 5 Rooms,390000,Jurong West,121,1,0
HDB 4 Rooms,870000,Queenstown,87,1,1
HDB 4 Rooms,348000,Yishun,84,0,1
HDB 5 Rooms,499999,Jurong East,120,1,1
HDB 5 Rooms,560000,Bukit Batok,132,0,1
HDB Executive,560000,Bukit Panjang,125,1,1
HDB 4 Rooms,420000,Hougang,104,1,0
HDB 3 Rooms,319000,Bedok,68,0,1
HDB 5 Rooms,980000,Bukit Merah,110,0,0
HDB Executive,750000,Tampines,144,1,1
HDB 5 Rooms,608000,Clementi,118,1,0
HDB 4 Rooms,375000,Bedok,92,1,1
HDB 5 Rooms,958000,Bukit Merah,115,1,0
HDB 4 Rooms,435000,Sengkang,101,1,0
HDB 4 Rooms,395000,Bukit Panjang,103,1,1
HDB Jumbo,850000,Woodlands,173,0,1
HDB 4 Rooms,415000,Punggol,92,1,1
HDB 4 Rooms,359000,Ang Mo Kio,92,1,1
HDB 3 Rooms,350000,Bishan,64,0,0
HDB 4 Rooms,410000,Tampines,105,0,0
HDB 4 Rooms,590000,Yishun,92,0,0
HDB Executive,518888,Jurong West,144,0,0
HDB 3 Rooms,410000,Ang Mo Kio,88,1,1
HDB 5 Rooms,668000,Punggol,113,1,1
HDB 5 Rooms,899000,Bishan,121,1,0
HDB 4 Rooms,458000,Hougang,92,0,0
HDB 4 Rooms,515000,Bishan,84,0,1
HDB 4 Rooms,460000,Tampines,100,0,1
HDB 5 Rooms,539000,Bukit Batok,109,1,1
HDB 4 Rooms,445000,Clementi,92,1,0
HDB 3 Rooms,315000,Clementi,67,0,1
HDB 4 Rooms,445000,Hougang,92,1,1
HDB 5 Rooms,699000,Ang Mo Kio,136,0,1
HDB 4 Rooms,630000,Hougang,92,1,1
HDB 4 Rooms,410000,Ang Mo Kio,93,1,0
HDB 3 Rooms,330000,Queenstown,65,0,0
HDB 3 Rooms,320000,Yishun,67,0,0
HDB 5 Rooms,868000,Bukit Merah,119,0,1
HDB 4 Rooms,340000,Hougang,84,0,0
HDB 5 Rooms,768000,Hougang,112,1,1
HDB 4 Rooms,398000,Bedok,91,0,0
HDB 4 Rooms,488000,Tampines,104,0,1
HDB 4 Rooms,420000,Hougang,104,1,0
HDB 5 Rooms,399000,Jurong West,123,0,0
HDB 4 Rooms,370000,Yishun,93,1,0
HDB Executive,750000,Tampines,146,0,1
HDB Executive,567000,Jurong West,132,1,0
HDB 4 Rooms,460000,Hougang,93,1,1
HDB 5 Rooms,438000,Woodlands,121,1,0
HDB 4 Rooms,420000,Tampines,111,0,0
HDB 4 Rooms,738000,Geylang,93,1,1
HDB 5 Rooms,530000,Sengkang,112,0,0
HDB 4 Rooms,460000,Punggol,92,1,0
HDB 4 Rooms,400000,Punggol,92,1,1
HDB 4 Rooms,450000,Hougang,93,0,0
HDB 4 Rooms,425000,Tampines,104,0,0
HDB 4 Rooms,498000,Punggol,92,1,0
HDB 4 Rooms,400000,Jurong East,85,0,1
HDB Executive,899000,Geylang,146,0,1
HDB 3 Rooms,570000,Clementi,60,0,1
HDB 5 Rooms,1000000,Bishan,120,1,1
HDB 4 Rooms,650000,Ang Mo Kio,90,0,1
HDB 3 Rooms,288000,Ang Mo Kio,68,0,0
HDB 4 Rooms,700000,Geylang,85,1,0
HDB 3 Rooms,580000,Clementi,60,0,1
HDB 3 Rooms,260000,Clementi,67,0,1
HDB Executive,555000,Choa Chu Kang,146,0,0
HDB 4 Rooms,690000,Bedok,87,1,0
HDB 5 Rooms,650000,Tampines,133,1,0
